Map,Idx,NameSingle,NamePlural,Typ,Lvl,a0,Count,Adds,a1,Cast%,Drop%,XP,Gold
0,0,Wolf,Wolves,1,1,0,1,1,4,0,0,0,0
0,1,Lion,Lions,2,1,0,1,1,4,0,0,0,0
0,2,Bear,Bears,3,1,0,1,1,4,0,0,0,0
0,3,Snake,Snakes,4,1,0,1,1,4,0,0,0,0
0,4,Dinosaur,Dinosaurs,5,1,0,1,1,4,0,0,0,0
0,5,Scorpion,Scorpions,6,1,0,1,1,4,0,0,0,0
0,6,Leech,Leeches,7,1,0,1,1,4,0,0,0,0
0,7,Spider,Spiders,8,1,0,1,1,4,0,0,0,0
0,8,Skeleton,Skeletons,9,1,0,1,1,4,0,0,0,0
0,9,Ghost,Ghosts,10,1,0,1,1,4,0,0,0,0
0,10,Undead,Undeads,11,1,0,1,1,4,0,0,0,0
0,11,Bugbear,Bugbears,12,1,0,1,1,4,0,0,0,0
0,12,Minotaur,Minotaurs,13,1,1,1,1,4,0,0,0,0
0,13,Gargoyle,Gargoyles,14,1,1,1,1,4,0,0,0,0
0,14,Dragon,Dragons,15,1,1,1,1,4,0,0,0,0
0,15,Imp,Imps,16,1,1,1,1,4,0,0,0,0
0,16,Phantasm,Phantasms,17,1,1,1,1,4,0,0,0,0
0,17,Giant,Giants,18,1,1,1,1,4,0,0,0,0
0,18,Ogre,Ogres,19,1,1,1,1,4,0,0,0,0
0,19,Lizard Man,Lizard Men,20,1,1,1,1,4,0,0,0,0
0,20,Goblin,Goblins,21,1,1,1,1,4,0,0,0,0
0,21,Wolf,Wolves,22,1,1,1,1,4,0,0,0,0
0,22,Wolf,Wolves,23,1,1,1,1,4,0,0,0,0
0,23,Wolf,Wolves,24,1,1,1,1,4,0,0,0,0
0,24,Wolf,Wolves,25,1,1,1,1,4,0,0,0,0
0,25,Wolf,Wolves,26,1,1,1,1,4,0,0,0,0
0,26,En-Li-Kil,En-Li-Kil,47,1,1,1,0,4,0,0,0,0
0,27,Wolf,Wolves,1,1,1,1,1,4,0,0,0,0
0,28,Wolf,Wolves,1,1,1,1,1,4,0,0,0,0
0,29,Wolf,Wolves,1,1,1,1,1,4,0,0,0,0
0,30,Wolf,Wolves,1,1,1,1,1,4,0,0,0,0
0,31,Wolf,Wolves,1,1,1,1,1,4,0,0,0,0
0,32,Wolf,Wolves,1,1,1,1,1,4,0,0,0,0
0,33,Wolf,Wolves,1,1,1,1,1,4,0,0,0,0
0,34,Wolf,Wolves,1,1,1,1,1,4,0,0,0,0
0,35,Wolf,Wolves,1,1,1,1,1,4,0,0,0,0
0,36,Wolf,Wolves,1,1,1,1,1,4,0,0,0,0
0,37,Wolf,Wolves,1,1,1,1,1,4,0,0,0,0
0,38,Wolf,Wolves,1,1,1,1,1,4,0,0,0,0
0,39,Wolf,Wolves,1,1,1,1,1,4,0,0,0,0
1,0,Wolf,Wolves,1,1,0,1,0,4,0,0,8,30
1,1,Wolf,Wolves,1,1,0,1,1,4,0,0,8,30
1,2,Wolf,Wolves,1,1,0,2,0,6,0,0,8,30
1,3,Snake,Snakes,4,1,0,1,0,6,0,0,10,20
1,4,Snake,Snakes,4,1,0,1,1,6,0,0,10,20
1,5,Coelus,Coeluses,5,1,0,1,0,6,0,0,15,30
1,6,Coelus,Coeluses,5,1,0,1,1,6,0,0,15,30
1,7,Scorpion,Scorpions,6,1,0,1,0,6,0,0,25,30
1,8,Scorpion,Scorpions,6,1,0,1,1,6,0,0,25,30
1,9,Mountain Lion,Mountain Lions,2,1,0,1,0,4,0,0,20,20
1,10,Copper Ogre,Copper Ogres,19,1,0,1,1,6,0,30,20,40
1,11,Goblin,Goblins,21,1,1,1,0,5,0,25,20,30
1,12,Giant Spider,Giant Spiders,8,1,0,1,1,8,0,0,30,40
1,13,Giant Spider,Giant Spiders,8,1,1,1,0,8,0,0,30,40
1,14,Skeletal Thief,Skeletal Thieves,9,1,0,1,1,10,0,25,20,40
1,15,Skeletal Thief,Skeletal Thieves,9,1,1,1,0,10,0,25,20,40
1,16,Imp,Imps,16,1,0,1,0,10,15,20,60,100
1,17,Imp,Imps,16,1,0,1,1,10,15,20,60,100
1,18,Orc Ranger,Orc Rangers,30,1,0,1,0,12,0,25,40,50
1,19,Halfling Thief,Halfling Thieves,37,1,0,1,1,18,10,25,40,50
1,20,Dwarf Knight,Dwarf Knights,28,1,0,1,0,10,0,25,40,50
1,21,Human Barbarian,Human Barbarians,22,1,0,1,0,8,0,25,40,50
1,22,Gremlin Cleric,Gremlin Clerics,42,1,0,1,1,15,20,25,50,50
1,23,Gnome Wizard,Gnome Wizards,45,1,1,1,0,18,30,25,50,75
1,24,Mountain Lion,Mountain Lions,2,1,1,1,1,4,0,0,10,20
1,25,Wolf,Wolves,1,1,1,1,1,4,0,0,10,15
1,26,Troll Knight,Troll Knights,27,3,1,1,1,5,10,40,45,60
1,27,Elf Cleric,Elf Clerics,39,3,1,1,1,8,25,40,30,45
1,28,Gnome Barbarian,Gnome Barbarians,25,2,2,2,1,4,0,40,50,75
1,29,Cro-Lizard,Cro-Lizards,20,1,2,1,1,6,15,35,60,90
1,30,Raptor,Raptors,5,4,0,1,1,20,0,0,60,70
1,31,Leech,Leeches,7,1,2,2,1,15,0,0,50,70
1,32,Cranky Dwarf Wizard,Cranky Dwarf Wizards,44,4,1,1,1,15,40,40,60,100
1,33,Ornery Human Thief,Ornery Human Thieves,34,4,2,2,1,15,18,40,45,60
1,34,Vicious Orc Barbarian,Vicious Orc Barbarians,23,4,0,2,1,15,5,40,90,125
1,35,Bronze Ogre,Bronze Ogres,19,4,0,3,0,18,0,35,75,115
1,36,Bronze Ogre,Bronze Ogres,19,4,1,2,0,16,0,35,75,115
1,37,Bronze Ogre,Bronze Ogres,19,4,1,2,1,16,0,35,75,115
1,38,Bronze Ogre,Bronze Ogres,19,4,1,2,1,16,0,35,75,115
1,39,Bronze Ogre,Bronze Ogres,19,4,2,2,1,12,0,35,75,115
2,0,Wolf,Wolves,1,1,1,1,2,4,0,0,8,30
2,1,Wolf,Wolves,1,1,2,1,1,6,0,0,8,30
2,2,Wolf,Wolves,1,2,0,1,1,8,0,0,8,30
2,3,Snake,Snakes,4,1,0,1,2,6,0,0,10,20
2,4,Snake,Snakes,4,1,1,1,1,6,0,0,10,20
2,5,Snake,Snakes,4,2,0,1,2,6,0,0,10,25
2,6,Elf Ranger,Elf Rangers,31,2,1,1,1,6,0,35,40,60
2,7,Human Thief,Human Thieves,34,3,0,1,1,8,15,35,50,100
2,8,Troll Knight,Troll Knights,27,2,1,1,1,5,10,35,50,100
2,9,Gnome Barbarian,Gnome Barbarians,25,1,1,1,1,3,0,35,40,60
2,10,Halfling Cleric,Halfling Clerics,41,2,1,1,1,8,25,35,50,100
2,11,Dwarf Wizard,Dwarf Wizards,44,2,1,1,1,10,45,35,100,150
2,12,Cave Bear,Cave Bears,3,1,0,1,1,20,0,0,50,50
2,13,Cave Bear,Cave Bears,3,1,1,1,1,20,0,0,50,50
2,14,Cave Bear,Cave Bears,3,1,1,2,1,20,0,0,50,50
2,15,Cave Bear,Cave Bears,3,1,2,1,1,20,0,0,60,50
2,16,Cave Bear,Cave Bears,3,2,0,1,1,24,0,0,50,60
2,17,Cave Bear,Cave Bears,3,2,1,1,1,24,0,0,50,60
2,18,Human Barbarian,Human Barbarians,22,1,1,2,1,10,5,15,50,75
2,19,Gnome Thief,Gnome Thieves,36,1,2,3,1,15,10,15,40,100
2,20,Gremlin Wizard,Gremlin Wizards,46,1,1,1,1,12,40,15,100,50
2,21,Troll Cleric,Troll Clerics,40,1,1,1,2,12,30,15,50,75
2,22,Halfling Ranger,Halfling Rangers,33,1,1,2,1,12,15,15,50,80
2,23,Orc Knight,Orc Knights,26,1,1,2,1,12,15,15,60,75
2,24,Dwarf Knight,Dwarf Knights,28,1,1,2,1,5,5,30,50,40
2,25,Elf Cleric,Elf Clerics,39,2,0,2,1,8,25,30,80,40
2,26,Troll Ranger,Troll Rangers,32,1,1,2,1,6,5,30,40,40
2,27,Orc Barbarian,Orc Barbarians,23,1,1,2,1,4,5,30,50,40
2,28,Cave Lion,Cave Lions,2,3,0,1,5,20,0,0,20,20
2,29,Cave Lion,Cave Lions,2,3,1,2,2,18,0,0,24,25
2,30,Cave Lion,Cave Lions,2,3,1,3,2,18,0,0,24,25
2,31,Cave Lion,Cave Lions,2,4,0,3,1,15,0,0,26,25
2,32,Bronze Ogre,Bronze Ogres,19,4,2,3,1,15,0,25,80,25
2,33,Bronze Ogre,Bronze Ogres,19,5,0,2,1,12,0,25,80,36
2,34,Bronze Ogre,Bronze Ogres,19,5,1,1,1,12,0,25,80,36
2,35,Bronze Ogre,Bronze Ogres,19,6,0,1,1,10,0,25,80,45
2,36,Deinon,Deinons,5,5,0,2,1,25,0,0,200,180
2,37,Deinon,Deinons,5,5,1,2,1,25,0,0,200,190
2,38,Deinon,Deinons,5,5,1,1,1,25,0,0,200,190
2,39,Deinon,Deinons,5,6,0,1,1,20,0,0,225,200
3,0,Wolf,Wolves,1,1,0,1,0,8,0,0,8,30
3,1,Wolf,Wolves,1,1,0,1,0,8,0,0,8,30
3,2,Wolf,Wolves,1,1,0,1,1,8,0,0,8,30
3,3,Wolf,Wolves,1,1,0,1,1,8,0,0,8,30
3,4,Wolf,Wolves,1,1,1,1,0,8,0,0,8,30
3,5,Snake,Snakes,4,1,0,1,0,6,0,0,10,20
3,6,Snake,Snakes,4,1,0,1,1,6,0,0,10,20
3,7,Snake,Snakes,4,1,0,2,0,6,0,0,10,20
3,8,Snake,Snakes,4,1,1,1,0,6,0,0,10,20
3,9,Snake,Snakes,4,1,1,1,1,6,0,0,10,20
3,10,Coelus,Coeluses,5,1,0,1,0,9,0,0,15,30
3,11,Coelus,Coeluses,5,1,0,1,1,9,0,0,15,30
3,12,Coelus,Coeluses,5,1,0,2,0,9,0,0,15,30
3,13,Coelus,Coeluses,5,1,1,1,0,9,0,0,15,30
3,14,Coelus,Coeluses,5,1,1,1,1,9,0,0,15,30
3,15,Scorpion,Scorpions,6,1,0,1,0,6,0,15,25,30
3,16,Scorpion,Scorpions,6,1,0,1,1,6,0,15,25,30
3,17,Scorpion,Scorpions,6,1,0,2,0,6,0,15,25,30
3,18,Copper Ogre,Copper Ogres,19,1,0,1,1,6,0,30,20,40
3,19,Goblin,Goblins,21,1,1,1,0,5,0,25,20,30
3,20,Mountain Lion,Mountain Lions,2,1,0,1,0,8,0,15,20,20
3,21,Mountain Lion,Mountain Lions,2,1,0,1,1,8,0,15,20,20
3,22,Mountain Lion,Mountain Lions,2,1,0,2,0,8,0,15,20,20
3,23,Mountain Lion,Mountain Lions,2,1,1,1,0,8,0,15,20,20
3,24,Wolf,Wolves,1,1,0,3,2,6,0,0,5,15
3,25,Wolf,Wolves,1,1,1,2,1,6,0,0,5,15
3,26,Wolf,Wolves,1,2,0,2,1,10,0,0,10,20
3,27,Goblin,Goblins,21,1,1,2,2,10,0,15,20,30
3,28,Goblin,Goblins,21,2,0,2,1,10,0,22,20,30
3,29,Goblin,Goblins,21,2,1,2,1,10,0,30,40,50
3,30,Bronze Ogre,Bronze Ogres,19,4,0,3,2,12,0,20,60,100
3,31,Bronze Ogre,Bronze Ogres,19,4,1,2,3,12,0,25,60,100
3,32,Bronze Ogre,Bronze Ogres,19,4,2,3,3,12,0,30,60,100
3,33,Human Thief,Human Thieves,34,3,2,2,2,25,60,50,45,60
3,34,Vicious Gnome Barbarian,Vicious Gnome Barbarians,25,5,1,2,1,20,15,50,100,115
3,35,Cranky Gremlin Wizard,Cranky Gremlin Wizards,46,4,2,2,1,25,75,50,150,200
3,36,Yellow Orc Knight,Yellow Orc Knights,26,4,3,3,1,18,25,50,100,275
3,37,Hardy Elf Cleric,Hardy Elf Clerics,39,5,2,3,1,30,55,50,125,200
3,38,Ornery Gremlin Thief,Ornery Gremlin Thieves,38,5,2,3,1,15,60,50,100,180
3,39,Sly Halfling Ranger,Sly Halfling Rangers,33,6,1,3,1,20,35,50,120,300
4,0,Skeletal Thief,Skeletal Thieves,9,3,0,4,1,12,0,8,30,30
4,1,Skeletal Thief,Skeletal Thieves,9,3,0,4,2,12,0,10,30,30
4,2,Skeletal Warrior,Skeletal Warriors,9,4,0,4,1,15,0,15,40,50
4,3,Skeletal Warrior,Skeletal Warriors,9,4,1,3,1,15,0,20,40,50
4,4,Skeletal Warrior,Skeletal Warriors,9,4,2,3,1,18,0,20,40,50
4,5,Skeletal Warrior,Skeletal Warriors,9,5,2,2,2,18,0,25,50,75
4,6,Zombie,Zombies,11,1,0,3,1,24,0,10,30,50
4,7,Zombie,Zombies,11,1,0,3,2,24,0,15,30,50
4,8,Zombie,Zombies,11,1,1,3,2,28,0,20,30,55
4,9,Zombie,Zombies,11,1,1,2,2,28,0,20,30,60
4,10,Zombie,Zombies,11,1,2,1,2,32,0,25,30,80
4,11,Zombie,Zombies,11,1,2,2,2,32,0,25,30,100
4,12,Ghost,Ghosts,10,4,0,3,1,14,25,0,30,70
4,13,Ghost,Ghosts,10,4,0,4,1,14,25,0,30,80
4,14,Ghost,Ghosts,10,4,1,3,1,16,30,0,40,90
4,15,Ghost,Ghosts,10,4,1,3,1,16,30,0,40,100
4,16,Ghost,Ghosts,10,4,2,3,1,20,35,0,50,100
4,17,Ghost,Ghosts,10,4,2,2,2,20,40,0,50,100
4,18,Leech,Leeches,7,1,1,1,2,6,0,25,50,20
4,19,Leech,Leeches,7,1,2,2,2,8,0,40,50,20
4,20,Leech,Leeches,7,1,1,1,3,5,0,30,50,20
4,21,Black Widow,Black Widows,8,4,1,1,2,8,0,20,50,60
4,22,Black Widow,Black Widows,8,4,2,1,3,12,0,25,50,65
4,23,Black Widow,Black Widows,8,5,0,1,2,18,0,25,60,70
4,24,Bugbear,Bugbears,12,1,0,4,2,12,0,0,100,275
4,25,Bugbear,Bugbears,12,1,1,3,1,12,0,0,100,275
4,26,Bugbear,Bugbears,12,1,1,3,1,12,0,0,100,275
4,27,Bugbear,Bugbears,12,1,2,3,1,12,0,0,125,300
4,28,Bugbear,Bugbears,12,1,2,2,3,12,0,0,125,300
4,29,Cockatrice,Cockatrices,14,1,0,2,1,50,25,0,120,100
4,30,Cockatrice,Cockatrices,14,1,1,2,1,50,30,0,120,100
4,31,Cockatrice,Cockatrices,14,1,1,2,1,50,35,0,120,125
4,32,Cockatrice,Cockatrices,14,2,0,1,2,40,40,0,120,150
4,33,Cockatrice,Cockatrices,14,2,1,1,1,40,45,0,120,175
4,34,Incubus,Incubi,16,5,0,3,1,25,30,0,300,200
4,35,Incubus,Incubi,16,5,0,2,1,25,50,0,300,200
4,36,Incubus,Incubi,16,5,1,2,1,20,55,0,300,200
4,37,Incubus,Incubi,16,5,1,2,1,20,60,0,300,200
4,38,Incubus,Incubi,16,5,2,1,2,15,65,0,400,300
4,39,Incubus,Incubi,16,5,2,2,1,15,70,0,400,300
5,0,Wolf,Wolves,1,1,0,1,0,4,0,0,8,30
5,1,Wolf,Wolves,1,1,0,1,1,6,0,0,8,30
5,2,Wolf,Wolves,1,1,1,1,0,8,0,0,8,30
5,3,Snake,Snakes,4,1,0,1,0,6,0,0,10,20
5,4,Snake,Snakes,4,1,0,1,1,6,0,0,10,20
5,5,Coelus,Coeluses,5,1,0,1,0,6,0,0,15,30
5,6,Coelus,Coeluses,5,1,1,1,0,6,0,0,15,30
5,7,Scorpion,Scorpions,6,1,0,1,0,6,0,0,25,30
5,8,Scorpion,Scorpions,6,1,0,1,1,6,0,0,25,30
5,9,Mountain Lion,Mountain Lions,2,1,0,1,0,4,0,0,20,20
5,10,Mountain Lion,Mountain Lions,2,1,0,1,1,4,0,0,20,20
5,11,Giant Spider,Giant Spiders,8,1,0,1,0,8,0,0,30,40
5,12,Copper Ogre,Copper Ogres,19,1,0,1,1,6,0,30,20,40
5,13,Goblin,Goblins,21,1,1,1,1,5,0,30,20,35
5,14,Skeletal Thief,Skeletal Thieves,9,1,0,1,1,6,0,10,20,40
5,15,Giant Spider,Giant Spiders,8,1,1,1,0,8,0,0,30,40
5,16,Imp,Imps,16,1,0,1,1,10,25,40,60,100
5,17,Imp,Imps,16,1,1,1,0,10,25,40,60,100
5,18,Skeletal Thief,Skeletal Thieves,9,1,1,1,1,10,0,10,20,40
5,19,Coelus,Coeluses,5,1,1,1,1,6,0,0,8,30
5,20,Skeletal Thief,Skeletal Thieves,9,1,1,1,1,10,0,10,18,27
5,21,Copper Ogre,Copper Ogres,19,1,0,1,1,6,0,45,20,40
5,22,Copper Ogre,Copper Ogres,19,1,1,1,1,6,0,45,20,40
5,23,Copper Ogre,Copper Ogres,19,2,0,1,0,6,0,45,20,40
5,24,Copper Ogre,Copper Ogres,19,1,1,1,3,6,0,25,20,40
5,25,Copper Ogre,Copper Ogres,19,1,1,2,1,6,0,25,20,40
5,26,Copper Ogre,Copper Ogres,19,1,2,3,1,6,0,25,20,40
5,27,Mountain Lion,Mountain Lions,2,2,2,3,2,4,0,0,10,20
5,28,Wolf,Wolves,1,3,1,5,2,4,0,0,8,30
5,29,Coelus,Coeluses,5,1,2,2,1,6,0,0,15,30
5,30,Troll Ranger,Troll Rangers,32,3,2,3,3,8,0,30,50,70
5,31,Hardy Halfling Cleric,Hardy Halfling Clerics,41,5,0,2,1,8,30,35,75,80
5,32,Cranky Human Wizard,Cranky Human Wizards,43,4,1,2,1,10,60,50,100,150
5,33,Ornery Gnome Thief,Ornery Gnome Thieves,36,4,3,4,1,8,25,50,60,100
5,34,Vicious Elf Barbarian,Vicious Elf Barbarians,24,4,3,3,2,16,10,50,90,125
5,35,White Dwarf Knight,White Dwarf Knights,28,4,3,3,1,12,15,50,75,115
5,36,Bugbear,Bugbears,12,1,2,3,2,12,0,50,100,275
5,37,Black Widow,Black Widows,8,4,2,2,5,20,0,0,60,80
5,38,Dire Wolf,Dire Wolves,1,4,2,2,3,15,0,0,50,50
5,39,Dire Wolf,Dire Wolves,1,5,1,4,4,15,0,0,50,50
6,0,Cranky Dwarf Wizard,Cranky Dwarf Wizards,44,4,1,3,1,27,50,22,165,100
6,1,Ornery Human Thief,Ornery Human Thieves,34,6,1,4,1,30,20,22,145,60
6,2,Vicious Orc Barbarian,Vicious Orc Barbarians,23,5,1,2,1,24,5,22,190,125
6,3,Hardy Elf Cleric,Hardy Elf Clerics,39,5,1,1,1,25,40,22,165,75
6,4,White Dwarf Knight,White Dwarf Knights,28,4,2,1,2,25,15,22,175,90
6,5,Human Barbarian,Human Barbarians,22,2,2,3,2,12,0,22,125,30
6,6,Orc Ranger,Orc Rangers,30,3,2,3,2,12,10,22,120,24
6,7,Halfling Thief,Halfling Thieves,37,3,2,2,3,15,15,22,115,15
6,8,Gremlin Cleric,Gremlin Clerics,42,2,2,3,1,13,30,22,115,20
6,9,Gnome Wizard,Gnome Wizards,45,2,1,3,2,18,40,22,120,24
6,10,Vicious Elf Barbarian,Vicious Elf Barbarians,24,5,1,1,1,30,5,22,190,120
6,11,Ornery Gremlin Thief,Ornery Gremlin Thieves,38,6,0,2,1,40,18,22,145,50
6,12,Cranky Gremlin Wizard,Cranky Gremlin Wizards,46,4,2,2,1,50,50,22,165,90
6,13,Hardy Halfling Cleric,Hardy Halfling Clerics,41,5,1,2,1,45,40,22,165,70
6,14,Sly Troll Ranger,Sly Troll Rangers,32,6,2,2,1,35,15,22,170,90
6,15,Sly Halfling Ranger,Sly Halfling Rangers,33,6,0,2,1,25,15,22,170,80
6,16,Red Troll Knight,Red Troll Knights,27,4,2,2,1,35,10,22,175,85
6,17,Orc Knight,Orc Knights,26,2,1,3,2,10,15,22,120,27
6,18,Gnome Barbarian,Gnome Barbarians,25,2,1,3,2,8,5,22,120,30
6,19,Elf Ranger,Elf Rangers,31,3,1,2,3,10,20,22,120,24
6,20,Gnome Thief,Gnome Thieves,36,3,2,2,3,12,15,22,120,15
6,21,Troll Cleric,Troll Clerics,40,2,2,2,3,12,45,22,120,20
6,22,Human Wizard,Human Wizards,43,1,2,2,2,15,50,22,120,24
6,23,Halfling Knight,Halfling Knights,29,1,2,3,3,9,15,22,120,27
6,24,Large-Un,Large-Uns,18,1,0,3,1,50,0,10,100,20
6,25,Large-Un,Large-Uns,18,1,1,2,2,45,0,12,100,15
6,26,Large-Un,Large-Uns,18,2,1,1,2,40,0,12,145,60
6,27,Large-Un,Large-Uns,18,3,0,1,1,40,0,15,170,75
6,28,Vicious Gnome Barbarian,Vicious Gnome Barbarians,25,5,1,3,2,30,5,30,170,75
6,29,Yellow Orc Knight,Yellow Orc Knights,26,4,2,4,2,45,15,35,180,90
6,30,Sly Elf Ranger,Sly Elf Rangers,31,5,1,3,3,50,20,25,190,110
6,31,Vicious Human Barbarian,Vicious Human Barbarians,22,5,1,2,2,35,5,35,170,120
6,32,Minotaur,Minotaurs,13,1,0,1,1,20,0,50,275,1050
6,33,Minotaur,Minotaurs,13,1,1,2,1,25,0,50,275,1050
6,34,Minotaur,Minotaurs,13,1,2,1,1,25,0,50,300,1100
6,35,Minotaur,Minotaurs,13,1,3,1,2,25,0,50,300,1100
6,36,Hobgoblin,Hobgoblins,21,4,0,2,2,12,0,50,160,125
6,37,Hobgoblin,Hobgoblins,21,4,1,1,1,12,0,50,160,125
6,38,Hobgoblin,Hobgoblins,21,4,2,2,1,12,0,50,175,150
6,39,King Hobgoblin,King Hobgoblins,21,7,0,1,1,12,40,50,400,2000
7,0,Cro-Lizard,Cro-Lizards,20,2,0,2,3,30,20,25,160,90
7,1,Cro-Lizard,Cro-Lizards,20,2,1,2,2,25,20,25,160,90
7,2,Cro-Lizard,Cro-Lizards,20,3,0,1,2,20,20,25,175,110
7,3,Bronze Ogre,Bronze Ogres,19,4,0,2,2,20,0,20,175,115
7,4,Bronze Ogre,Bronze Ogres,19,4,1,1,3,16,0,20,175,115
7,5,Bronze Ogre,Bronze Ogres,19,5,0,1,2,12,0,20,190,135
7,6,Vicious Gnome Barbarian,Vicious Gnome Barbarians,25,4,1,2,1,30,5,18,190,120
7,7,Ornery Dwarf Thief,Ornery Dwarf Thieves,35,4,1,2,2,40,15,18,145,50
7,8,Cranky Human Wizard,Cranky Human Wizards,43,4,1,2,2,50,40,18,165,90
7,9,Hardy Gremlin Cleric,Hardy Gremlin Clerics,42,4,1,1,3,45,30,18,165,70
7,10,Sly Orc Ranger,Sly Orc Rangers,30,5,0,2,2,35,15,18,170,90
7,11,Blue Halfling Knight,Blue Halfling Knights,29,4,1,2,2,35,15,18,175,85
7,12,Black Widow,Black Widows,8,3,0,2,3,20,0,0,145,60
7,13,Black Widow,Black Widows,8,3,1,2,2,20,0,0,145,60
7,14,Black Widow,Black Widows,8,4,0,2,1,20,0,0,155,70
7,15,Black Widow,Black Widows,8,4,1,1,2,20,0,0,165,80
7,16,Leech,Leeches,7,2,0,2,3,10,0,0,125,30
7,17,Leech,Leeches,7,2,1,2,2,10,0,0,125,30
7,18,Leech,Leeches,7,3,0,1,3,10,0,0,135,40
7,19,Leech,Leeches,7,3,0,2,1,10,0,0,135,40
7,20,Scorpion,Scorpions,6,1,3,2,2,6,0,0,115,85
7,21,Scorpion,Scorpions,6,2,2,1,3,6,0,0,120,90
7,22,Scorpion,Scorpions,6,3,1,2,1,6,0,0,125,100
7,23,Scorpion,Scorpions,6,4,0,1,2,6,0,0,130,115
7,24,Dire Wolf,Dire Wolves,1,4,1,2,3,30,0,0,115,25
7,25,Dire Wolf,Dire Wolves,1,5,0,2,2,25,0,0,120,25
7,26,Dire Wolf,Dire Wolves,1,5,1,3,1,20,0,0,120,30
7,27,Dire Wolf,Dire Wolves,1,6,0,2,1,15,0,0,125,35
7,28,Dire Wolf,Dire Wolves,1,6,0,1,2,15,0,0,120,35
7,29,Cobra,Cobras,4,3,0,2,2,15,0,0,125,35
7,30,Cobra,Cobras,4,3,1,2,1,15,0,0,125,40
7,31,Cobra,Cobras,4,3,1,1,2,15,0,0,125,40
7,32,Cobra,Cobras,4,4,0,2,1,12,0,0,130,50
7,33,Cobra,Cobras,4,4,0,1,2,12,0,0,130,50
7,34,Raptor,Raptors,5,3,0,2,2,25,0,0,140,75
7,35,Raptor,Raptors,5,3,1,2,2,25,0,0,140,75
7,36,Raptor,Raptors,5,4,0,2,1,20,0,0,145,85
7,37,Deinon,Deinons,5,5,0,2,2,20,0,0,170,100
7,38,Deinon,Deinons,5,5,0,1,3,30,0,0,170,100
7,39,Deinon,Deinons,5,5,1,1,2,30,0,0,200,125
8,0,Skeletal Warrior,Skeletal Warriors,9,4,1,4,2,15,0,15,120,125
8,1,Skeletal Warrior,Skeletal Warriors,9,4,2,3,2,15,0,20,120,125
8,2,Skeletal Warrior,Skeletal Warriors,9,5,0,3,2,18,0,15,125,125
8,3,Skeletal Warrior,Skeletal Warriors,9,5,1,2,2,18,0,20,125,125
8,4,Skeletal Warrior,Skeletal Warriors,9,6,0,2,1,25,0,25,130,125
8,5,Skeletal Warrior,Skeletal Warriors,9,4,1,3,1,15,0,20,120,125
8,6,Skeletal Warrior,Skeletal Warriors,9,4,2,2,2,15,0,25,120,125
8,7,Skeletal Warrior,Skeletal Warriors,9,5,0,2,1,18,0,20,125,125
8,8,Skeletal Warrior,Skeletal Warriors,9,5,1,1,2,18,0,25,125,125
8,9,Skeletal Warrior,Skeletal Warriors,9,6,0,1,1,25,0,25,130,125
8,10,Skeletal Warrior,Skeletal Warriors,9,4,1,2,2,15,0,20,120,125
8,11,Skeletal Warrior,Skeletal Warriors,9,4,2,2,1,15,0,25,120,125
8,12,Skeletal Warrior,Skeletal Warriors,9,5,0,1,2,18,0,20,125,125
8,13,Skeletal Warrior,Skeletal Warriors,9,5,1,1,1,18,0,25,125,125
8,14,Skeletal Warrior,Skeletal Warriors,9,6,0,1,0,25,0,25,130,125
8,15,Skeletal Warrior,Skeletal Warriors,9,4,1,3,2,15,0,20,120,125
8,16,Skeletal Warrior,Skeletal Warriors,9,4,2,2,3,15,0,25,120,125
8,17,Skeletal Warrior,Skeletal Warriors,9,5,0,2,2,18,0,20,125,125
8,18,Skeletal Warrior,Skeletal Warriors,9,5,1,1,2,18,0,25,125,125
8,19,Skeletal Warrior,Skeletal Warriors,9,6,0,1,1,25,0,25,130,125
8,20,Skeletal Warrior,Skeletal Warriors,9,4,1,2,2,15,0,25,120,125
8,21,Skeletal Warrior,Skeletal Warriors,9,4,2,2,1,15,0,25,120,125
8,22,Skeletal Warrior,Skeletal Warriors,9,5,0,1,2,18,0,20,125,125
8,23,Skeletal Warrior,Skeletal Warriors,9,5,1,1,1,18,0,25,125,125
8,24,Large-Un,Large-Uns,18,1,1,4,3,30,0,0,170,175
8,25,Large-Un,Large-Uns,18,1,2,3,3,30,0,0,170,175
8,26,Large-Un,Large-Uns,18,2,1,3,2,27,0,15,180,185
8,27,Large-Un,Large-Uns,18,3,0,2,2,25,0,15,190,200
8,28,Large-Un,Large-Uns,18,1,1,3,3,30,0,0,170,175
8,29,Large-Un,Large-Uns,18,1,2,2,3,30,0,0,170,175
8,30,Large-Un,Large-Uns,18,2,1,2,2,27,0,0,180,185
8,31,Large-Un,Large-Uns,18,3,0,2,2,25,0,0,190,200
8,32,Lizardite,Lizardites,20,6,0,4,2,30,0,0,175,235
8,33,Lizardite,Lizardites,20,6,0,3,3,30,0,0,175,235
8,34,Lizardite,Lizardites,20,6,0,2,4,30,0,0,175,235
8,35,Lizardite,Lizardites,20,6,0,3,2,30,0,0,175,235
8,36,Lizardite,Lizardites,20,6,0,2,3,30,0,10,175,235
8,37,Lizardite,Lizardites,20,6,0,1,4,30,0,10,175,235
8,38,Lizardite,Lizardites,20,6,0,2,2,30,0,10,175,235
8,39,Lizardite,Lizardites,20,6,0,1,5,30,0,10,175,235
9,0,Hobgoblin,Hobgoblins,21,5,0,4,2,60,10,18,160,125
9,1,Hobgoblin,Hobgoblins,21,5,1,3,2,55,10,18,165,130
9,2,Hobgoblin,Hobgoblins,21,5,1,2,3,55,10,18,165,130
9,3,Hobgoblin,Hobgoblins,21,6,0,2,2,50,10,18,175,140
9,4,Hobgoblin,Hobgoblins,21,5,0,3,3,60,10,18,160,125
9,5,Hobgoblin,Hobgoblins,21,5,1,2,3,55,10,18,165,130
9,6,Hobgoblin,Hobgoblins,21,5,1,4,1,55,20,18,165,130
9,7,Hobgoblin,Hobgoblins,21,6,0,3,1,50,20,18,175,140
9,8,Hobgoblin,Hobgoblins,21,5,0,5,1,60,20,18,160,125
9,9,Hobgoblin,Hobgoblins,21,5,1,2,3,55,20,18,165,130
9,10,Hobgoblin,Hobgoblins,21,5,1,3,1,55,20,18,165,130
9,11,Hobgoblin,Hobgoblins,21,6,0,1,2,50,20,18,175,140
9,12,Hobgoblin,Hobgoblins,21,5,0,3,2,60,20,18,160,125
9,13,Hobgoblin,Hobgoblins,21,5,1,2,3,55,20,18,165,130
9,14,Hobgoblin,Hobgoblins,21,5,1,3,1,55,20,18,165,130
9,15,Hobgoblin,Hobgoblins,21,6,0,2,2,50,20,18,175,140
9,16,Hobgoblin,Hobgoblins,21,5,0,4,2,60,25,18,160,125
9,17,Hobgoblin,Hobgoblins,21,5,1,3,3,55,25,18,165,130
9,18,Hobgoblin,Hobgoblins,21,5,1,3,1,55,25,18,165,130
9,19,Hobgoblin,Hobgoblins,21,6,0,2,2,50,25,18,175,140
9,20,Hobgoblin,Hobgoblins,21,5,0,3,2,60,25,18,160,125
9,21,Hobgoblin,Hobgoblins,21,5,1,4,0,55,25,18,165,130
9,22,Hobgoblin,Hobgoblins,21,5,1,3,1,55,25,18,165,130
9,23,Hobgoblin,Hobgoblins,21,6,0,3,2,50,25,18,175,140
9,24,Silver Ogre,Silver Ogres,19,7,0,3,3,50,0,20,150,160
9,25,Silver Ogre,Silver Ogres,19,7,1,3,2,50,0,20,160,170
9,26,Silver Ogre,Silver Ogres,19,8,0,2,2,45,0,20,160,170
9,27,Silver Ogre,Silver Ogres,19,8,1,1,2,45,0,20,170,180
9,28,Silver Ogre,Silver Ogres,19,9,0,1,1,40,0,20,170,175
9,29,Spinorpion,Spinorpions,6,5,0,2,3,25,0,0,190,200
9,30,Spinorpion,Spinorpions,6,5,0,4,1,20,0,0,190,200
9,31,Spinorpion,Spinorpions,6,5,1,2,2,17,0,0,200,225
9,32,Spinorpion,Spinorpions,6,5,1,3,1,17,0,0,200,225
9,33,Spinorpion,Spinorpions,6,6,0,1,2,14,0,0,215,250
9,34,Pincer Cobra,Pincer Cobras,4,5,0,2,2,10,0,0,280,215
9,35,Pincer Cobra,Pincer Cobras,4,5,1,3,2,10,0,0,280,215
9,36,Pincer Cobra,Pincer Cobras,4,5,1,2,1,10,0,0,280,215
9,37,Pincer Cobra,Pincer Cobras,4,6,0,2,1,10,0,0,280,215
9,38,Pincer Cobra,Pincer Cobras,4,6,1,1,1,10,0,0,280,215
9,39,Pincer Cobra,Pincer Cobras,4,6,2,1,1,10,0,0,280,215
10,0,Minotaur,Minotaurs,13,1,1,3,1,50,0,10,130,400
10,1,Minotaur,Minotaurs,13,2,0,3,2,45,0,15,145,425
10,2,Minotaur,Minotaurs,13,2,1,2,2,45,0,20,145,425
10,3,Minotaur,Minotaurs,13,3,0,2,1,40,0,20,160,450
10,4,Minotaur,Minotaurs,13,1,1,3,1,50,0,15,130,400
10,5,Minotaur,Minotaurs,13,2,0,3,2,45,0,15,145,425
10,6,Minotaur,Minotaurs,13,2,1,2,2,45,0,20,145,425
10,7,Minotaur,Minotaurs,13,3,0,2,1,40,0,20,160,450
10,8,Minotaur,Minotaurs,13,1,1,2,1,50,0,15,130,400
10,9,Minotaur,Minotaurs,13,2,0,3,1,45,0,15,145,425
10,10,Minotaur,Minotaurs,13,2,1,3,2,45,0,20,145,425
10,11,Minotaur,Minotaurs,13,3,0,2,2,40,0,20,160,450
10,12,Minotaur,Minotaurs,13,1,1,2,1,50,0,10,130,400
10,13,Minotaur,Minotaurs,13,2,0,2,1,45,0,15,145,425
10,14,Minotaur,Minotaurs,13,2,1,3,1,45,0,20,145,425
10,15,Minotaur,Minotaurs,13,3,0,3,2,40,0,20,160,450
10,16,Minotaur,Minotaurs,13,1,1,2,2,50,0,10,130,400
10,17,Minotaur,Minotaurs,13,2,0,2,1,45,0,15,145,425
10,18,Minotaur,Minotaurs,13,2,1,2,1,45,0,20,145,425
10,19,Minotaur,Minotaurs,13,3,0,3,1,40,0,20,160,450
10,20,Minotaur,Minotaurs,13,1,1,3,2,50,0,15,130,400
10,21,Minotaur,Minotaurs,13,2,0,2,2,45,0,15,145,425
10,22,Minotaur,Minotaurs,13,2,1,2,1,45,0,20,145,425
10,23,Minotaur,Minotaurs,13,3,0,2,2,40,0,20,160,450
10,24,Black Widow,Black Widows,8,5,0,4,2,30,0,0,150,200
10,25,Black Widow,Black Widows,8,5,1,3,2,25,0,0,160,225
10,26,Black Widow,Black Widows,8,6,0,2,3,25,0,0,160,225
10,27,Black Widow,Black Widows,8,6,1,3,1,20,0,0,170,250
10,28,Spit Spider,Spit Spiders,8,7,0,2,1,20,0,0,170,250
10,29,Giant,Giants,18,5,0,3,2,40,0,0,180,175
10,30,Giant,Giants,18,5,1,3,1,40,0,0,180,175
10,31,Giant,Giants,18,6,0,2,1,35,0,0,190,210
10,32,Giant,Giants,18,6,0,2,1,35,0,0,190,210
10,33,Giant,Giants,18,6,0,1,2,35,0,0,200,210
10,34,Wyvern,Wyverns,15,1,0,1,1,50,40,50,250,600
10,35,Wyvern,Wyverns,15,1,0,1,1,50,40,50,250,600
10,36,Wyvern,Wyverns,15,1,0,1,1,50,40,50,250,600
10,37,Wyvern,Wyverns,15,1,1,1,1,50,40,50,250,630
10,38,Wyvern,Wyverns,15,1,1,1,1,50,40,50,250,630
10,39,Wyvern,Wyverns,15,2,0,1,1,50,40,50,300,675
11,0,Ghost,Ghosts,10,4,0,5,2,60,90,20,180,45
11,1,Ghost,Ghosts,10,4,1,4,3,60,60,20,150,45
11,2,Ghost,Ghosts,10,5,0,4,3,50,60,20,150,60
11,3,Ghost,Ghosts,10,5,1,3,4,50,60,20,150,60
11,4,Ghost,Ghosts,10,4,0,5,2,60,60,20,150,45
11,5,Ghost,Ghosts,10,4,1,4,3,60,60,20,150,45
11,6,Ghost,Ghosts,10,5,0,4,3,50,60,20,150,60
11,7,Ghost,Ghosts,10,5,1,3,4,50,60,20,150,60
11,8,Skeletal Warrior,Skeletal Warriors,9,4,2,4,2,15,0,12,120,30
11,9,Skeletal Warrior,Skeletal Warriors,9,5,1,3,2,18,0,12,125,35
11,10,Skeletal Warrior,Skeletal Warriors,9,5,1,2,3,18,0,12,125,35
11,11,Skeletal Warrior,Skeletal Warriors,9,6,0,1,3,25,0,12,130,40
11,12,Skeletal Warrior,Skeletal Warriors,9,4,2,2,2,15,0,12,120,30
11,13,Skeletal Warrior,Skeletal Warriors,9,5,1,3,2,18,0,12,125,35
11,14,Skeletal Warrior,Skeletal Warriors,9,5,1,2,3,18,0,12,125,35
11,15,Skeletal Warrior,Skeletal Warriors,9,6,0,2,3,25,0,12,130,40
11,16,Zombie,Zombies,11,2,0,2,2,30,0,10,130,60
11,17,Zombie,Zombies,11,2,1,2,3,30,0,10,130,60
11,18,Zombie,Zombies,11,2,2,1,1,30,0,10,130,60
11,19,Zombie,Zombies,11,3,1,2,2,20,0,15,140,75
11,20,Zombie,Zombies,11,2,0,1,2,30,0,10,130,60
11,21,Zombie,Zombies,11,2,1,1,3,30,0,10,130,60
11,22,Zombie,Zombies,11,2,2,2,1,30,0,10,130,60
11,23,Zombie,Zombies,11,3,1,1,2,20,0,15,140,75
11,24,Black Widow,Black Widows,8,5,0,2,2,50,0,0,140,70
11,25,Black Widow,Black Widows,8,5,1,2,1,50,0,0,140,70
11,26,Black Widow,Black Widows,8,6,0,1,2,40,0,0,155,90
11,27,Black Widow,Black Widows,8,6,0,2,1,40,0,0,155,90
11,28,Nightmare,Nightmares,12,4,0,2,1,20,0,25,250,400
11,29,Nightmare,Nightmares,12,4,1,1,2,20,0,25,260,425
11,30,Nightmare,Nightmares,12,4,1,2,1,20,0,25,260,425
11,31,Nightmare,Nightmares,12,5,0,1,1,15,0,25,280,450
11,32,Banshee,Banshees,10,7,0,2,2,20,0,50,175,225
11,33,Banshee,Banshees,10,7,1,2,1,20,0,50,175,225
11,34,Banshee,Banshees,10,8,0,3,1,15,0,50,190,250
11,35,Banshee,Banshees,10,8,1,2,2,15,0,50,190,250
11,36,King Cleowyn's Ghost,King Cleowyn's Ghost,10,10,0,1,0,0,80,50,2000,1500
11,37,King Cleowyn's Ghost,King Cleowyn's Ghost,10,10,0,1,0,0,80,50,2000,1500
11,38,King Cleowyn's Ghost,King Cleowyn's Ghost,10,10,0,1,0,0,80,50,2000,1500
11,39,King Cleowyn's Ghost,King Cleowyn's Ghost,10,10,0,1,0,0,80,50,2000,1500
12,0,Bugbear,Bugbears,12,1,0,2,2,18,0,10,150,275
12,1,Bugbear,Bugbears,12,1,1,2,1,18,0,10,150,275
12,2,Bugbear,Bugbears,12,1,2,1,2,18,0,10,175,300
12,3,Bugbear,Bugbears,12,2,0,1,1,15,0,10,175,300
12,4,Bugbear,Bugbears,12,2,1,2,0,15,0,10,180,325
12,5,Bugbear,Bugbears,12,3,0,1,1,12,0,10,180,350
12,6,Cockatrice,Cockatrices,14,1,1,2,1,50,25,10,180,125
12,7,Cockatrice,Cockatrices,14,2,0,1,1,40,25,10,180,150
12,8,Cockatrice,Cockatrices,14,2,1,1,1,40,25,10,180,175
12,9,Cockatrice,Cockatrices,14,2,2,1,0,35,25,10,190,175
12,10,Cockatrice,Cockatrices,14,3,0,1,0,30,25,10,200,190
12,11,Cockatrice,Cockatrices,14,3,0,1,0,30,25,10,210,225
12,12,Dire Wolf,Dire Wolves,1,4,0,2,2,30,0,0,125,90
12,13,Dire Wolf,Dire Wolves,1,4,1,1,2,30,0,0,125,90
12,14,Dire Wolf,Dire Wolves,1,5,0,2,1,16,0,0,125,100
12,15,Dire Wolf,Dire Wolves,1,5,1,1,1,25,0,0,125,100
12,16,Dire Wolf,Dire Wolves,1,5,2,1,0,20,0,0,125,125
12,17,Dire Wolf,Dire Wolves,1,6,0,1,0,15,0,0,125,125
12,18,Sabertooth Lion,Sabertooth Lions,2,7,0,2,1,40,0,0,125,135
12,19,Sabertooth Lion,Sabertooth Lions,2,7,0,1,2,40,0,0,125,135
12,20,Sabertooth Lion,Sabertooth Lions,2,7,1,1,1,35,0,0,150,150
12,21,Sabertooth Lion,Sabertooth Lions,2,7,1,2,1,35,0,0,150,150
12,22,Sabertooth Lion,Sabertooth Lions,2,8,0,1,0,30,0,0,150,150
12,23,Sabertooth Lion,Sabertooth Lions,2,8,0,1,1,30,0,0,150,160
12,24,Black Widow,Black Widows,8,5,1,2,2,24,0,0,160,165
12,25,Black Widow,Black Widows,8,6,0,1,2,18,0,0,160,165
12,26,Lamprey,Lampreys,7,4,0,2,2,20,0,0,150,180
12,27,Lamprey,Lampreys,7,4,1,1,2,15,0,0,150,180
12,28,Imp,Imps,16,3,1,3,1,30,25,25,140,55
12,29,Imp,Imps,16,4,0,2,1,25,25,25,150,70
12,30,Incubus,Incubi,16,6,1,2,1,20,25,25,210,160
12,31,Incubus,Incubi,16,7,1,1,1,15,25,25,230,185
12,32,Silver Ogre,Silver Ogres,19,7,1,1,2,60,0,20,110,135
12,33,Silver Ogre,Silver Ogres,19,8,0,1,2,50,0,20,115,135
12,34,Silver Ogre,Silver Ogres,19,8,1,1,1,40,0,20,115,135
12,35,Silver Ogre,Silver Ogres,19,9,0,1,0,30,0,20,120,135
12,36,Giant,Giants,18,4,1,2,1,40,0,15,200,150
12,37,Giant,Giants,18,5,1,1,2,40,0,15,225,165
12,38,Lizardite,Lizardites,20,5,1,2,2,40,0,15,140,100
12,39,Lizardite,Lizardites,20,6,0,2,1,40,0,15,150,120
13,0,Skeletal Ranger,Skeletal Rangers,9,7,0,2,3,35,0,25,185,125
13,1,Skeletal Ranger,Skeletal Rangers,9,7,0,3,2,35,0,25,185,125
13,2,Skeletal Ranger,Skeletal Rangers,9,7,0,4,1,35,0,25,185,125
13,3,Skeletal Ranger,Skeletal Rangers,9,7,0,2,2,35,0,25,185,125
13,4,Skeletal Ranger,Skeletal Rangers,9,7,1,3,2,45,0,25,195,125
13,5,Skeletal Ranger,Skeletal Rangers,9,7,1,2,3,45,0,25,195,125
13,6,Zombie,Zombies,11,1,1,3,2,30,0,10,150,115
13,7,Zombie,Zombies,11,1,2,2,2,30,0,10,160,115
13,8,Zombie,Zombies,11,2,1,1,2,20,0,10,185,115
13,9,Zombie,Zombies,11,2,1,2,1,20,0,10,185,115
13,10,Zombie,Zombies,11,2,2,1,1,20,0,10,180,125
13,11,Zombie,Zombies,11,2,2,2,0,20,0,10,180,125
13,12,Banshee,Banshees,10,7,0,3,2,20,0,30,190,225
13,13,Banshee,Banshees,10,7,0,2,3,20,0,30,190,225
13,14,Banshee,Banshees,10,7,1,2,2,15,0,30,190,250
13,15,Banshee,Banshees,10,7,1,1,2,15,0,30,190,250
13,16,Banshee,Banshees,10,8,0,2,1,10,0,30,210,280
13,17,Banshee,Banshees,10,8,1,1,1,10,0,30,210,280
13,18,Cobra,Cobras,4,3,0,4,2,15,0,0,140,100
13,19,Cobra,Cobras,4,3,1,3,3,15,0,0,140,100
13,20,Cobra,Cobras,4,3,1,3,3,15,0,0,140,100
13,21,Cobra,Cobras,4,4,0,3,2,12,0,0,140,100
13,22,Cobra,Cobras,4,4,0,2,3,12,0,0,140,100
13,23,Cobra,Cobras,4,4,0,2,2,12,0,0,140,100
13,24,Leech,Leeches,7,3,0,3,3,10,0,0,155,115
13,25,Leech,Leeches,7,3,0,3,2,10,0,0,155,115
13,26,Black Widow,Black Widows,8,5,1,3,2,24,0,0,155,170
13,27,Black Widow,Black Widows,8,6,0,2,2,18,0,0,155,170
13,28,Hobgoblin,Hobgoblins,21,4,1,2,2,60,25,22,170,120
13,29,Hobgoblin,Hobgoblins,21,5,1,2,1,55,25,22,170,130
13,30,Silver Ogre,Silver Ogres,19,7,0,3,3,50,0,22,170,150
13,31,Silver Ogre,Silver Ogres,19,7,2,3,2,40,0,22,170,165
13,32,Hell Wolf,Hell Wolves,1,7,0,2,3,45,25,25,150,240
13,33,Hell Wolf,Hell Wolves,1,7,1,3,2,45,25,25,160,260
13,34,Nightmare,Nightmares,12,4,1,3,2,20,0,25,220,425
13,35,Nightmare,Nightmares,12,5,1,2,2,15,0,25,230,450
13,36,Incubus,Incubi,16,7,1,3,2,25,35,50,190,185
13,37,Incubus,Incubi,16,8,0,2,2,25,35,50,200,210
13,38,Phantasm,Phantasms,17,1,0,1,1,75,25,50,220,375
13,39,Phantasm,Phantasms,17,1,1,2,1,75,25,50,250,400
14,0,Cro-Lizard,Cro-Lizards,20,2,0,3,2,12,20,20,210,100
14,1,Cro-Lizard,Cro-Lizards,20,2,0,2,3,12,20,20,210,100
14,2,Cro-Lizard,Cro-Lizards,20,2,1,2,2,12,20,20,210,120
14,3,Cro-Lizard,Cro-Lizards,20,2,1,3,1,12,20,20,210,120
14,4,Cro-Lizard,Cro-Lizards,20,3,0,1,2,12,20,20,210,140
14,5,Cro-Lizard,Cro-Lizards,20,3,0,2,1,12,20,20,210,140
14,6,Bronze Ogre,Bronze Ogres,19,4,2,2,3,20,0,20,175,100
14,7,Bronze Ogre,Bronze Ogres,19,5,1,3,2,16,0,20,175,115
14,8,Bronze Ogre,Bronze Ogres,19,6,0,2,2,12,0,20,175,135
14,9,Bronze Ogre,Bronze Ogres,19,4,2,1,3,20,0,20,175,100
14,10,Bronze Ogre,Bronze Ogres,19,5,1,2,3,16,0,20,175,115
14,11,Bronze Ogre,Bronze Ogres,19,6,0,1,2,12,0,20,175,135
14,12,Ornery Human Thief,Ornery Human Thieves,34,6,3,3,2,50,18,20,205,80
14,13,Vicious Elf Barbarian,Vicious Elf Barbarians,24,6,1,3,2,30,5,20,250,120
14,14,Hardy Elf Cleric,Hardy Elf Clerics,39,6,2,2,3,40,35,20,235,90
14,15,Cranky Gremlin Wizard,Cranky Gremlin Wizards,46,6,2,2,3,50,40,20,250,100
14,16,Sly Halfling Ranger,Sly Halfling Rangers,33,6,0,3,2,30,20,20,230,80
14,17,White Dwarf Knight,White Dwarf Knights,28,6,2,2,3,35,15,20,240,95
14,18,Ornery Human Thief,Ornery Human Thieves,34,6,3,3,3,50,20,20,205,80
14,19,Vicious Elf Barbarian,Vicious Elf Barbarians,24,6,1,2,3,30,5,20,250,120
14,20,Hardy Elf Cleric,Hardy Elf Clerics,39,6,2,3,2,40,40,20,235,90
14,21,Cranky Gremlin Wizard,Cranky Gremlin Wizards,46,6,2,2,1,50,50,20,250,100
14,22,Sly Halfling Ranger,Sly Halfling Rangers,33,6,0,2,3,30,20,20,230,80
14,23,White Dwarf Knight,White Dwarf Knights,28,6,2,2,2,35,10,20,240,95
14,24,Silver Ogre,Silver Ogres,19,9,0,3,2,30,0,15,130,80
14,25,Large-Un,Large-Uns,18,3,0,2,2,40,0,15,260,75
14,26,Pincer Cobra,Pincer Cobras,4,5,1,2,3,35,0,0,175,190
14,27,Ornery Gnome Thief,Ornery Gnome Thieves,36,8,2,3,3,40,16,12,300,130
14,28,Hardy Troll Cleric,Hardy Troll Clerics,40,8,3,3,2,45,40,12,340,160
14,29,Ferocious Orc Barbarian,Ferocious Orc Barbarians,23,9,0,2,3,50,10,12,310,200
14,30,Sly Elf Ranger,Sly Elf Rangers,31,9,1,3,2,75,20,12,320,175
14,31,Purple Troll Knight,Purple Troll Knights,27,9,1,3,2,65,15,12,300,190
14,32,Cantankerous Dwarf Wizard,Cantankerous Dwarf Wizards,44,9,0,3,1,90,55,12,325,225
14,33,Silver Ogre,Silver Ogres,19,9,0,3,3,40,0,12,290,120
14,34,Skeletal Knight,Skeletal Knight,9,10,0,2,2,50,0,12,275,150
14,35,Red Orc Knight,Red Orc Knights,26,11,0,3,1,60,10,12,300,400
14,36,Skeletal Warrior,Skeletal Warriors,9,6,0,4,2,25,0,12,110,60
14,37,Ferocious Human Barbarian,Ferocious Human Barbarians,22,10,0,3,2,70,5,12,345,435
14,38,Deinon,Deinons,5,6,0,4,3,25,0,0,190,200
14,39,Wyvern,Wyvern,15,3,1,2,2,80,50,0,450,800
15,0,Black Widow,Black Widows,8,5,1,2,2,24,0,0,190,165
15,1,Black Widow,Black Widows,8,6,0,2,3,18,0,0,190,165
15,2,Black Widow,Black Widows,8,5,1,2,2,24,0,0,190,165
15,3,Black Widow,Black Widows,8,6,0,2,1,18,0,0,190,165
15,4,Black Widow,Black Widows,8,5,1,3,1,24,0,0,190,165
15,5,Black Widow,Black Widows,8,6,0,1,2,18,0,0,190,165
15,6,Leech,Leeches,7,2,1,2,2,20,0,0,175,155
15,7,Leech,Leeches,7,3,0,3,2,15,0,0,175,155
15,8,Leech,Leeches,7,2,1,2,2,20,0,0,175,155
15,9,Leech,Leeches,7,3,0,3,2,15,0,0,175,155
15,10,Leech,Leeches,7,2,1,2,1,20,0,0,175,155
15,11,Leech,Leeches,7,3,0,2,1,15,0,0,175,155
15,12,Sabertooth Lion,Sabertooth Lions,2,7,0,3,1,40,0,0,160,170
15,13,Sabertooth Lion,Sabertooth Lions,2,7,0,2,2,40,0,0,160,170
15,14,Sabertooth Lion,Sabertooth Lions,2,7,1,2,1,35,0,0,160,170
15,15,Sabertooth Lion,Sabertooth Lions,2,7,1,1,2,35,0,0,160,170
15,16,Sabertooth Lion,Sabertooth Lions,2,8,0,1,1,30,0,0,175,170
15,17,Sabertooth Lion,Sabertooth Lions,2,8,0,2,0,30,0,0,175,170
15,18,Deinon,Deinons,5,5,1,2,2,25,0,0,170,200
15,19,Deinon,Deinons,5,6,0,2,2,25,0,0,170,200
15,20,Deinon,Deinons,5,5,1,1,2,25,0,0,170,200
15,21,Deinon,Deinons,5,6,0,2,2,25,0,0,170,200
15,22,Deinon,Deinons,5,5,1,2,1,25,0,0,170,200
15,23,Deinon,Deinons,5,6,0,1,2,25,0,0,170,200
15,24,Ice Lion,Ice Lions,2,5,1,2,2,25,0,0,165,160
15,25,Ice Lion,Ice Lions,2,6,0,1,2,25,0,0,165,170
15,26,Polar Bear,Polar Bears,3,4,2,3,2,40,0,0,200,150
15,27,Silver Ogre,Silver Ogres,19,9,0,3,2,30,0,30,225,250
15,28,Silver Ogre,Silver Ogres,19,9,0,2,3,30,0,30,225,250
15,29,Lizardite,Lizardites,20,6,0,3,3,40,0,30,190,120
15,30,Hell Wolf,Hell Wolves,1,7,0,2,2,60,25,25,260,240
15,31,Hell Wolf,Hell Wolves,1,7,0,2,1,50,30,25,260,260
15,32,Hell Wolf,Hell Wolves,1,7,1,1,1,45,30,25,260,300
15,33,Were-Bear,Were-Bears,3,7,0,1,1,60,20,25,350,500
15,34,Spit Spider,Spit Spiders,8,7,1,2,3,30,0,0,290,250
15,35,Spinorpion,Spinorpions,6,4,1,2,1,25,0,0,275,300
15,36,Giant,Giants,18,4,1,2,2,40,0,30,230,275
15,37,Minotaur,Minotaurs,13,4,0,2,2,40,0,30,200,450
15,38,Ghoul,Ghouls,11,5,1,2,2,50,0,30,300,325
15,39,Lich,Liches,10,10,0,1,1,0,100,30,500,5000
16,0,Ornery Dwarf Thief,Ornery Dwarf Thieves,35,7,2,3,3,70,20,25,290,110
16,1,Vicious Human Barbarian,Vicious Human Barbarians,22,7,1,3,2,50,5,25,250,190
16,2,Hardy Troll Cleric,Hardy Troll Clerics,40,7,2,3,1,65,35,25,225,160
16,3,Cranky Gnome Wizard,Cranky Gnome Wizards,45,7,1,2,2,75,45,25,250,170
16,4,Sly Orc Ranger,Sly Orc Rangers,30,7,2,3,1,55,18,25,210,130
16,5,Green Halfling Knight,Green Halfling Knights,29,7,0,3,2,60,10,25,220,160
16,6,Ornery Human Thief,Ornery Human Thieves,34,9,1,2,3,140,18,25,290,140
16,7,Ferocious Elf Barbarian,Ferocious Elf Barbarians,24,9,0,2,2,100,5,25,280,225
16,8,Hardy Halfling Cleric,Hardy Halfling Cleric,41,9,1,3,1,130,40,25,250,180
16,9,Cantankerous Dwarf Wizard,Cantankerous Dwarf Wizards,44,9,0,2,1,150,50,25,280,200
16,10,Sly Troll Ranger,Sly Troll Rangers,32,9,0,3,2,110,15,25,240,160
16,11,Orange Orc Knight,Orange Orc Knights,26,9,0,2,3,120,10,25,260,190
16,12,Banshee,Banshees,10,7,0,3,3,40,0,10,225,225
16,13,Banshee,Banshees,10,7,1,2,3,40,0,10,225,225
16,14,Banshee,Banshees,10,8,0,2,2,30,0,10,225,250
16,15,Banshee,Banshees,10,8,1,1,2,30,0,10,225,250
16,16,Banshee,Banshees,10,9,0,2,0,20,0,10,225,280
16,17,Banshee,Banshees,10,9,0,1,1,20,0,10,225,280
16,18,Nightmare,Nightmares,12,4,1,3,2,30,0,25,260,425
16,19,Nightmare,Nightmares,12,4,2,2,3,30,0,25,260,425
16,20,Nightmare,Nightmares,12,5,0,1,3,20,0,25,260,450
16,21,Nightmare,Nightmares,12,5,1,1,2,20,0,25,260,450
16,22,Nightmare,Nightmares,12,6,0,1,1,15,0,25,260,475
16,23,Nightmare,Nightmares,12,6,0,2,0,15,0,25,260,475
16,24,Incubus,Incubi,16,7,1,3,2,40,35,30,200,185
16,25,Incubus,Incubi,16,8,0,2,2,40,35,30,200,210
16,26,Phantasm,Phantasms,17,1,1,3,1,75,30,30,275,400
16,27,Pincer Cobra,Pincer Cobras,4,5,1,3,3,40,0,0,190,215
16,28,Pincer Cobra,Pincer Cobras,4,6,0,3,2,20,0,0,190,240
16,29,Deinon,Deinons,5,6,0,5,1,50,0,0,150,200
16,30,Saurion,Saurions,20,7,0,2,2,80,20,50,275,225
16,31,Saurion,Saurions,20,7,0,2,1,80,20,50,275,225
16,32,Saurion,Saurions,20,7,1,1,1,80,20,50,275,250
16,33,Cantankerous Human Wizard,Cantankerous Human Wizards,43,9,2,2,1,150,50,25,300,200
16,34,Ferocious Orc Barbarian,Ferocious Orc Barbarians,23,9,2,3,2,100,10,25,300,225
16,35,Ornery Halfling Thief,Ornery Halfling Thieves,37,10,2,3,3,140,18,25,275,190
16,36,Hardy Halfling Cleric,Hardy Halfling Cleric,41,10,1,2,1,180,35,25,360,240
16,37,Blue Troll Knight,Blue Troll Knights,27,10,1,2,2,150,10,25,320,220
16,38,Sly Elf Ranger,Sly Elf Rangers,31,10,1,2,2,140,15,25,330,190
16,39,Black Dwarf Knight,Black Dwarf Knights,28,10,1,2,2,150,10,25,325,220
17,0,Ornery Dwarf Thief,Ornery Dwarf Thieves,35,8,1,4,2,90,15,30,270,110
17,1,Ornery Human Thief,Ornery Human Thieves,34,8,1,5,2,90,15,30,270,110
17,2,Ornery Halfling Thief,Ornery Halfling Thieves,37,8,1,4,2,90,15,30,270,110
17,3,Ornery Gnome Thief,Ornery Gnome Thieves,36,8,1,3,1,90,15,30,270,110
17,4,Ornery Dwarf Thief,Ornery Dwarf Thieves,35,9,1,3,1,110,18,30,300,130
17,5,Ornery Human Thief,Ornery Human Thieves,34,9,1,2,2,110,18,30,300,130
17,6,Ornery Halfling Thief,Ornery Halfling Thieves,37,9,1,3,1,110,18,30,300,130
17,7,Ornery Gnome Thief,Ornery Gnome Thieves,36,9,1,2,2,110,18,30,300,130
17,8,Ornery Dwarf Thief,Ornery Dwarf Thieves,35,10,2,1,1,140,10,25,400,140
17,9,Ornery Human Thief,Ornery Human Thieves,34,10,2,2,0,140,10,25,400,140
17,10,Ornery Halfling Thief,Ornery Halfling Thieves,37,10,2,2,1,140,10,25,400,140
17,11,Ornery Gnome Thief,Ornery Gnome Thieves,36,10,2,1,2,140,10,25,400,140
17,12,Skeletal Ranger,Skeletal Rangers,9,7,2,6,2,15,0,12,220,140
17,13,Skeletal Ranger,Skeletal Rangers,9,8,0,5,2,18,0,12,225,140
17,14,Skeletal Ranger,Skeletal Rangers,9,8,0,4,3,18,0,12,225,140
17,15,Skeletal Ranger,Skeletal Rangers,9,9,0,3,3,25,0,12,230,140
17,16,Banshee,Banshees,10,8,0,2,4,25,0,0,290,160
17,17,Banshee,Banshees,10,9,0,3,2,15,0,0,300,160
17,18,Phantasm,Phantasms,17,2,0,2,2,90,50,0,300,160
17,19,Phantasm,Phantasms,17,2,1,3,2,75,45,0,300,160
17,20,Ice Lion,Ice Lions,2,5,0,2,3,25,0,0,240,175
17,21,Ice Lion,Ice Lions,2,5,1,3,2,25,0,0,245,175
17,22,Polar Bear,Polar Bears,3,4,2,2,3,60,0,0,275,175
17,23,Polar Bear,Polar Bears,3,5,1,2,2,40,0,0,290,200
17,24,Lamprey,Lampreys,7,5,1,1,3,20,0,0,230,130
17,25,Black Widow,Black Widows,8,5,1,3,2,20,0,0,210,120
17,26,Spinorpion,Spinorpions,6,5,1,2,3,20,0,0,300,225
17,27,Ghost,Ghosts,10,5,1,4,2,50,0,20,250,60
17,28,Ghoul,Ghouls,11,5,1,2,4,50,0,0,150,300
17,29,Giant,Giants,18,4,1,2,1,100,0,25,240,160
17,30,Nightmare,Nightmares,12,5,1,1,3,40,0,0,180,450
17,31,Minotaur,Minotaurs,13,3,1,2,2,45,0,10,160,450
17,32,Lizardite,Lizardites,20,5,1,3,1,40,0,20,170,115
17,33,Cockatrice,Cockatrices,14,2,1,2,0,40,35,0,180,175
17,34,Incubus,Incubi,16,7,1,2,1,40,45,30,190,185
17,35,Hell Wolf,Hell Wolves,1,7,0,2,1,35,35,0,100,340
17,36,Dragon,Dragons,15,3,1,1,0,0,45,45,500,4500
17,37,Cantankerous Human Wizard,Cantankerous Human Wizards,43,9,0,1,1,150,30,25,380,200
17,38,Cantankerous Dwarf Wizard,Cantankerous Dwarf Wizards,44,9,0,1,1,150,30,25,380,200
17,39,Hardy Halfling Cleric,Hardy Halfling Cleric,41,10,0,1,1,180,30,25,210,240
18,0,Minotaur,Minotaurs,13,1,1,2,3,60,0,15,240,400
18,1,Minotaur,Minotaurs,13,2,1,2,1,50,0,15,245,425
18,2,Minotaur,Minotaurs,13,2,1,2,2,50,0,15,245,425
18,3,Minotaur,Minotaurs,13,3,0,1,2,45,0,15,320,450
18,4,Minotaur,Minotaurs,13,3,1,1,2,45,0,15,320,450
18,5,Minotaur,Minotaurs,13,4,0,1,1,40,0,15,310,475
18,6,Hobgoblin,Hobgoblins,21,4,1,3,2,60,10,25,200,125
18,7,Hobgoblin,Hobgoblins,21,4,2,3,1,60,10,25,200,125
18,8,Hobgoblin,Hobgoblins,21,5,0,3,2,55,10,25,210,130
18,9,Hobgoblin,Hobgoblins,21,5,1,4,1,55,10,25,210,130
18,10,Hobgoblin,Hobgoblins,21,6,0,3,2,50,15,25,225,140
18,11,Hobgoblin,Hobgoblins,21,6,0,2,2,50,15,25,225,140
18,12,Lizardite,Lizardites,20,4,1,3,2,50,0,20,210,90
18,13,Lizardite,Lizardites,20,4,2,4,1,50,0,20,210,90
18,14,Lizardite,Lizardites,20,5,0,3,1,40,0,20,240,115
18,15,Lizardite,Lizardites,20,5,1,2,1,40,0,20,240,115
18,16,Lizardite,Lizardites,20,6,0,3,2,30,0,20,255,135
18,17,Lizardite,Lizardites,20,6,0,2,2,30,0,20,255,135
18,18,Bronze Ogre,Bronze Ogres,19,4,1,3,2,21,0,30,175,25
18,19,Bronze Ogre,Bronze Ogres,19,4,2,4,2,21,0,30,175,25
18,20,Bronze Ogre,Bronze Ogres,19,5,0,3,1,16,0,30,190,35
18,21,Bronze Ogre,Bronze Ogres,19,5,1,2,3,16,0,30,190,35
18,22,Bronze Ogre,Bronze Ogres,19,6,0,3,1,12,0,30,200,50
18,23,Bronze Ogre,Bronze Ogres,19,6,0,2,2,12,0,30,200,50
18,24,Lamprey,Lampreys,7,5,0,2,4,12,0,35,180,130
18,25,Black Widow,Black Widows,8,6,0,2,2,20,0,35,170,120
18,26,Sabertooth Lion,Sabertooth Lions,2,8,0,1,3,30,0,0,175,400
18,27,Hell Wolf,Hell Wolves,1,9,0,3,3,35,30,0,200,340
18,28,Pincer Cobra,Pincer Cobras,4,5,1,3,3,30,0,50,180,215
18,29,Pincer Cobra,Pincer Cobras,4,6,0,2,3,20,0,50,260,225
18,30,Wyvern,Wyverns,15,4,0,1,2,70,35,50,500,750
18,31,Sly Troll Ranger,Sly Troll Rangers,32,9,0,2,2,110,15,25,340,160
18,32,Sly Elf Ranger,Sly Elf Rangers,31,8,1,3,4,140,15,25,200,130
18,33,Ornery Human Thief,Ornery Human Thieves,34,9,0,3,2,150,20,25,220,100
18,34,Blue Troll Knight,Blue Troll Knights,27,10,0,2,2,150,10,25,290,225
18,35,Black Dwarf Knight,Black Dwarf Knights,28,10,0,1,3,150,10,25,290,225
18,36,Hardy Halfling Cleric,Hardy Halfling Cleric,41,10,1,2,1,180,40,25,310,240
18,37,Ferocious Human Barbarian,Ferocious Human Barbarians,22,11,0,1,1,240,5,25,400,325
18,38,Ferocious Orc Barbarian,Ferocious Orc Barbarians,23,11,0,1,1,240,5,25,400,325
18,39,Cantankerous Gremlin Wizard,Cantankerous Gremlin Wizards,46,11,0,1,1,19,60,25,450,400
19,0,Raptor,Raptors,5,3,0,2,1,20,0,0,20,50
19,1,Raptor,Raptors,5,3,1,2,1,20,0,0,30,60
19,2,Raptor,Raptors,5,4,0,1,2,20,0,0,40,70
19,3,Raptor,Raptors,5,3,0,2,1,20,0,0,20,50
19,4,Raptor,Raptors,5,3,1,1,1,20,0,0,30,60
19,5,Raptor,Raptors,5,4,0,1,0,20,0,0,40,70
19,6,Raptor,Raptors,5,3,0,1,3,20,0,0,20,50
19,7,Raptor,Raptors,5,3,1,2,2,20,0,0,30,60
19,8,Raptor,Raptors,5,4,0,2,2,20,0,0,40,70
19,9,Raptor,Raptors,5,3,0,1,2,20,0,0,20,50
19,10,Raptor,Raptors,5,3,1,2,1,20,0,0,30,60
19,11,Raptor,Raptors,5,4,0,1,1,20,0,0,40,70
19,12,Dire Wolf,Dire Wolves,1,4,0,4,2,24,0,30,15,20
19,13,Dire Wolf,Dire Wolves,1,4,1,3,2,21,0,30,18,25
19,14,Dire Wolf,Dire Wolves,1,4,2,3,1,18,0,30,18,25
19,15,Dire Wolf,Dire Wolves,1,5,0,2,1,15,0,30,21,30
19,16,Dire Wolf,Dire Wolves,1,5,1,1,3,12,0,30,21,30
19,17,Dire Wolf,Dire Wolves,1,6,0,2,2,9,0,30,25,35
19,18,Dire Wolf,Dire Wolves,1,4,1,2,2,24,0,30,15,20
19,19,Dire Wolf,Dire Wolves,1,4,2,2,1,21,0,30,18,25
19,20,Dire Wolf,Dire Wolves,1,5,0,1,3,18,0,30,18,25
19,21,Dire Wolf,Dire Wolves,1,5,1,2,2,15,0,30,21,30
19,22,Dire Wolf,Dire Wolves,1,5,2,1,2,12,0,30,21,30
19,23,Dire Wolf,Dire Wolves,1,6,0,1,1,9,0,30,25,35
19,24,Zombie,Zombies,11,2,1,1,2,30,0,30,30,60
19,25,Zombie,Zombies,11,2,2,2,1,30,0,30,30,60
19,26,Skeletal Warrior,Skeletal Warriors,9,4,0,2,1,30,0,30,20,30
19,27,Skeletal Warrior,Skeletal Warriors,9,4,1,1,1,25,0,30,20,30
19,28,Skeletal Warrior,Skeletal Warriors,9,4,2,1,1,20,0,30,20,30
19,29,Large-Un,Large-Uns,18,1,1,2,2,50,0,60,80,85
19,30,Large-Un,Large-Uns,18,1,2,3,1,40,0,60,80,85
19,31,Bronze Ogre,Bronze Ogres,19,4,2,3,1,25,0,60,75,115
19,32,Bronze Ogre,Bronze Ogres,19,4,2,2,2,25,0,60,75,115
19,33,Bronze Ogre,Bronze Ogres,19,4,2,1,2,25,0,60,75,115
19,34,Cockatrice,Cockatrices,14,1,1,3,1,60,35,0,60,125
19,35,Cockatrice,Cockatrices,14,2,0,2,2,50,40,0,75,150
19,36,Cockatrice,Cockatrices,14,2,1,1,1,40,45,0,80,175
19,37,Nightmare,Nightmares,12,5,0,1,1,50,0,0,180,450
19,38,Nightmare,Nightmares,12,5,1,1,1,40,0,0,180,450
19,39,Nightmare,Nightmares,12,6,0,1,1,30,0,0,200,475
20,0,Ornery Gnome Thief,Ornery Gnome Thieves,36,7,3,3,3,100,15,30,270,110
20,1,Ornery Gnome Thief,Ornery Gnome Thieves,36,8,1,3,2,100,18,30,290,130
20,2,Ornery Gnome Thief,Ornery Gnome Thieves,36,8,2,2,3,100,20,30,290,130
20,3,Ornery Gnome Thief,Ornery Gnome Thieves,36,8,3,1,2,100,23,30,290,150
20,4,Ornery Gremlin Thief,Ornery Gremlin Thieves,38,9,0,1,2,110,25,35,290,150
20,5,Ornery Gremlin Thief,Ornery Gremlin Thieves,38,9,1,2,1,110,25,35,310,150
20,6,Ornery Gremlin Thief,Ornery Gremlin Thieves,38,9,2,2,0,120,25,35,310,150
20,7,Ornery Gremlin Thief,Ornery Gremlin Thieves,38,9,3,1,1,130,25,35,350,160
20,8,Pincer Cobra,Pincer Cobras,4,5,0,3,3,30,0,0,280,215
20,9,Pincer Cobra,Pincer Cobras,4,5,1,4,2,30,0,0,280,215
20,10,Pincer Cobra,Pincer Cobras,4,5,1,3,2,20,0,0,300,225
20,11,Pincer Cobra,Pincer Cobras,4,6,0,2,2,20,0,0,300,225
20,12,Nightmare,Nightmares,12,5,0,3,2,20,0,25,250,450
20,13,Nightmare,Nightmares,12,5,1,2,2,20,0,25,250,450
20,14,Nightmare,Nightmares,12,6,0,1,2,15,0,25,275,475
20,15,Nightmare,Nightmares,12,6,0,3,2,15,0,25,275,475
20,16,Minotaur,Minotaurs,13,2,1,2,3,50,0,12,245,425
20,17,Minotaur,Minotaurs,13,3,0,2,2,45,0,12,250,450
20,18,Minotaur,Minotaurs,13,3,1,2,3,45,0,12,250,450
20,19,Minotaur,Minotaurs,13,4,0,1,2,40,0,12,260,475
20,20,Spit Spider,Spit Spiders,8,8,0,3,2,45,0,0,290,225
20,21,Spit Spider,Spit Spiders,8,8,1,2,2,40,0,0,290,225
20,22,Spit Spider,Spit Spiders,8,9,0,1,2,30,0,0,325,250
20,23,Spit Spider,Spit Spiders,8,9,0,2,1,30,0,0,325,250
20,24,Phantasm,Phantasms,17,2,1,1,1,75,50,0,325,250
20,25,Lich,Liches,10,10,1,1,0,0,75,50,700,5000
20,26,Polar Bear,Polar Bears,3,5,1,3,4,40,0,0,200,200
20,27,Gargoyle,Gargoyles,14,6,1,3,2,40,35,20,260,710
20,28,Spinorpion,Spinorpions,6,8,0,3,3,15,0,0,270,300
20,29,Wind Knight,Wind Knights,9,10,0,2,4,40,0,25,280,150
20,30,Silver Ogre,Silver Ogres,19,8,1,3,3,30,0,30,290,180
20,31,Gold Ogre,Gold Ogres,19,11,0,2,1,50,0,30,340,175
20,32,Hell Wolf,Hell Wolves,1,7,0,2,3,35,25,0,300,340
20,33,Hobgoblin,Hobgoblins,21,6,0,2,3,50,15,30,275,140
20,34,Shapeshifter,Shapeshifters,12,7,0,3,1,50,0,0,300,750
20,35,Bronze Ogre,Bronze Ogres,19,6,0,4,2,12,0,30,335,150
20,36,Mean Dwarf Thief,Mean Dwarf Thieves,35,13,0,3,3,130,18,30,340,170
20,37,Mean Human Thief,Mean Human Thieves,34,13,1,2,2,130,20,30,340,170
20,38,Mean Halfling Thief,Mean Halfling Thieves,37,13,1,1,3,130,20,30,340,170
20,39,Dragon,Dragons,15,5,0,1,0,0,50,40,1000,3500
21,0,Tyran,Tyrans,5,7,0,3,5,100,0,0,700,875
21,1,Tyran,Tyrans,5,7,1,2,4,100,0,0,700,875
21,2,Tyran,Tyrans,5,7,1,3,3,100,0,0,700,875
21,3,Tyran,Tyrans,5,8,0,2,3,75,0,0,700,875
21,4,Saurion,Saurions,20,7,1,3,3,90,25,50,900,1025
21,5,Saurion,Saurions,20,8,0,4,2,80,25,50,900,1025
21,6,Saurion,Saurions,20,8,0,3,3,80,25,50,900,1025
21,7,Saurion,Saurions,20,8,1,3,1,70,25,50,900,1025
21,8,Basilisk,Basilisks,4,7,0,2,3,120,40,30,1050,1300
21,9,Basilisk,Basilisks,4,7,0,3,2,120,40,30,1050,1300
21,10,Basilisk,Basilisks,4,7,0,2,2,120,40,30,1050,1300
21,11,Basilisk,Basilisks,4,7,1,2,1,140,40,30,1050,1300
21,12,Basilisk,Basilisks,4,7,1,1,2,140,40,30,1050,1300
21,13,Basilisk,Basilisks,4,7,1,2,2,140,40,30,1050,1300
21,14,Basilisk,Basilisks,4,8,0,1,3,120,40,30,1050,1300
21,15,Basilisk,Basilisks,4,8,0,2,1,120,40,30,1050,1300
21,16,Wyvern,Wyverns,15,2,1,2,1,80,60,50,500,750
21,17,Wyvern,Wyverns,15,3,0,1,2,70,60,50,500,750
21,18,Wyvern,Wyverns,15,3,0,2,1,70,60,50,500,750
21,19,Wyvern,Wyverns,15,3,1,1,1,65,60,50,500,750
21,20,Wyvern,Wyverns,15,3,1,2,0,65,60,50,500,750
21,21,Wyvern,Wyverns,15,4,0,1,1,50,60,50,500,750
21,22,Wyvern,Wyverns,15,4,0,1,0,50,60,50,500,750
21,23,Wyvern,Wyverns,15,4,0,2,0,50,60,50,500,750
21,24,Imp,Imps,16,3,1,6,2,10,40,0,380,350
21,25,Imp,Imps,16,4,0,5,2,10,40,0,380,350
21,26,Incubus,Incubi,16,7,1,3,3,25,50,0,500,500
21,27,Incubus,Incubi,16,8,0,3,1,25,50,0,500,500
21,28,Phantasm,Phantasms,17,2,1,2,3,75,60,0,600,650
21,29,Phantasm,Phantasms,17,3,1,3,2,75,60,0,600,650
21,30,Dragon,Dragons,15,6,0,1,2,0,50,35,3500,4750
21,31,Dragon,Dragons,15,6,0,2,1,0,50,35,3500,4750
21,32,Dragon,Dragons,15,6,0,3,0,0,50,35,3500,4750
21,33,Manticore,Manticores,2,9,0,1,3,0,50,35,1300,1800
21,34,Dragon,Dragons,15,7,1,1,1,0,50,35,3500,5000
21,35,Were-Bear,Were-Bears,3,8,0,3,2,80,35,25,1000,1250
21,36,Were-Minotaur,Were-Minotaurs,13,5,1,3,4,0,0,30,900,1050
21,37,Manticore,Manticores,2,9,0,4,2,75,40,40,1250,1150
21,38,Guardian of Arnakkian,Guardian of Arnakkian,17,4,0,1,0,0,90,60,2000,12500
21,39,Earth Elemental,Earth Elemental,17,8,0,1,0,0,85,60,2500,25000
22,0,Sly Orc Ranger,Sly Orc Rangers,30,10,1,3,2,140,15,30,370,190
22,1,Sly Orc Ranger,Sly Orc Rangers,30,10,2,2,3,140,15,30,350,210
22,2,Sly Orc Ranger,Sly Orc Rangers,30,11,0,3,2,120,15,30,420,230
22,3,Wily Orc Ranger,Wily Orc Rangers,30,12,0,2,2,100,15,30,420,230
22,4,Cantankerous Dwarf Wizard,Cantankerous Dwarf Wizards,44,11,1,2,2,19,45,30,325,375
22,5,Cantankerous Dwarf Wizard,Cantankerous Dwarf Wizards,44,12,0,1,2,240,45,25,350,400
22,6,Cantankerous Gnome Wizard,Cantankerous Gnome Wizards,45,11,1,2,2,19,45,25,325,375
22,7,Cantankerous Gnome Wizard,Cantankerous Gnome Wizards,45,12,0,2,1,240,45,25,350,400
22,8,Incubus,Incubi,16,6,2,4,1,60,25,30,290,185
22,9,Incubus,Incubi,16,7,0,3,2,40,25,30,300,210
22,10,Incubus,Incubi,16,7,1,2,1,40,25,30,300,210
22,11,Incubus,Incubi,16,8,0,1,2,30,25,30,420,240
22,12,Wyvern,Wyverns,15,3,0,2,1,65,35,30,470,630
22,13,Wyvern,Wyverns,15,3,1,1,1,65,35,30,480,630
22,14,Wyvern,Wyverns,15,4,0,1,1,50,35,30,450,675
22,15,Basilisk,Basilisks,4,8,0,3,2,120,25,20,500,800
22,16,Basilisk,Basilisks,4,7,1,2,3,140,25,20,465,775
22,17,Basilisk,Basilisks,4,7,0,1,3,120,25,20,440,750
22,18,Manticore,Manticores,2,9,0,3,1,75,30,30,450,300
22,19,Manticore,Manticores,2,9,0,2,2,75,30,30,460,300
22,20,Manticore,Manticores,2,9,0,1,2,75,30,30,475,300
22,21,Gargoyle,Gargoyles,14,5,0,3,1,60,25,40,500,650
22,22,Gargoyle,Gargoyles,14,5,1,2,2,60,25,40,430,680
22,23,Gargoyle,Gargoyles,14,6,0,1,2,50,25,40,430,680
22,24,Saurion,Saurions,20,7,1,3,2,120,10,20,465,250
22,25,Dragon,Dragons,15,5,2,1,1,0,40,35,700,4500
22,26,Dragon,Dragons,15,6,1,1,1,0,45,35,700,4750
22,27,Dragon,Dragons,15,7,0,1,0,0,50,35,700,5000
22,28,Spinorpion,Spinorpions,6,8,0,2,6,15,0,0,410,300
22,29,Basilisk,Basilisks,4,7,1,3,2,140,30,30,520,775
22,30,Hobgoblin,Hobgoblins,21,6,0,6,2,50,15,30,375,140
22,31,Crafty Dwarf Wizard,Crafty Dwarf Wizards,44,13,0,2,1,240,40,32,550,400
22,32,Mean Dwarf Thief,Mean Dwarf Thieves,35,13,0,3,1,130,18,35,390,170
22,33,Black Dwarf Knight,Black Dwarf Knights,28,12,0,4,1,150,15,25,440,220
22,34,Spit Spider,Spit Spiders,8,9,0,3,6,50,0,0,400,250
22,35,Were-Bear,Were-Bears,3,8,0,3,2,80,15,25,800,550
22,36,Cyclops,Cyclops,18,7,0,2,1,0,10,25,800,900
22,37,Giant,Giants,18,5,1,1,2,100,0,25,700,200
22,38,Manticore,Manticores,2,9,0,3,3,75,25,40,800,300
22,39,Nightmare,Nightmares,12,6,0,4,2,15,0,25,700,475
23,0,Cantankerous Human Wizard,Cantankerous Human Wizards,43,10,0,3,1,19,60,25,900,975
23,1,Cantankerous Human Wizard,Cantankerous Human Wizards,43,10,1,2,1,19,60,25,900,975
23,2,Cantankerous Human Wizard,Cantankerous Human Wizards,43,11,0,1,2,240,60,25,900,975
23,3,Cantankerous Dwarf Wizard,Cantankerous Dwarf Wizards,44,12,0,1,1,19,60,25,950,1025
23,4,Cantankerous Dwarf Wizard,Cantankerous Dwarf Wizards,44,11,1,1,2,19,60,25,950,1025
23,5,Cantankerous Dwarf Wizard,Cantankerous Dwarf Wizards,44,12,0,2,0,240,60,25,950,1025
23,6,Cantankerous Gnome Wizard,Cantankerous Gnome Wizards,45,11,0,2,1,19,60,25,875,950
23,7,Cantankerous Gnome Wizard,Cantankerous Gnome Wizards,45,11,1,1,2,19,60,25,875,950
23,8,Cantankerous Gnome Wizard,Cantankerous Gnome Wizards,45,12,0,1,1,240,60,25,875,950
23,9,Spinorpion,Spinorpions,6,6,2,4,3,25,0,0,500,250
23,10,Spinorpion,Spinorpions,6,7,0,3,3,20,0,0,500,275
23,11,Spinorpion,Spinorpions,6,7,1,4,2,20,0,0,500,275
23,12,Spinorpion,Spinorpions,6,8,0,2,3,15,0,0,500,300
23,13,Hobgoblin,Hobgoblins,21,5,0,4,3,55,25,30,600,400
23,14,Hobgoblin,Hobgoblins,21,5,1,2,4,55,25,30,600,400
23,15,Hobgoblin,Hobgoblins,21,6,0,3,2,50,25,30,600,400
23,16,King Goblin,King Goblins,21,7,1,2,1,120,60,30,1200,2200
23,17,King Goblin,King Goblins,21,8,0,1,1,100,60,30,1200,2400
23,18,Manticore,Manticores,2,9,0,3,2,75,40,40,1200,1300
23,19,Manticore,Manticores,2,9,0,2,3,75,40,40,1200,1300
23,20,Manticore,Manticores,2,9,0,2,2,75,40,40,1200,1300
23,21,Manticore,Manticores,2,9,0,1,3,75,40,40,1200,1300
23,22,Manticore,Manticores,2,9,0,3,1,75,40,40,1200,1300
23,23,Manticore,Manticores,2,9,0,2,1,75,40,40,1200,1300
23,24,Basilisk,Basilisks,4,8,0,2,3,120,50,30,1250,800
23,25,Gold Ogre,Gold Ogres,19,11,0,5,2,50,0,35,800,750
23,26,Dragon,Dragons,15,7,0,1,1,0,60,35,4000,5000
23,27,Wyvern,Wyverns,15,4,0,2,1,50,45,35,650,1250
23,28,Nightmare,Nightmares,12,6,0,3,4,15,0,25,400,475
23,29,Shapeshifter,Shapeshifters,12,7,1,2,4,50,0,0,800,1250
23,30,Banshee,Banshees,10,8,1,3,4,20,0,30,450,390
23,31,Ghoul,Ghouls,11,6,0,3,4,0,0,0,650,700
23,32,Crafty Human Wizard,Crafty Human Wizards,43,11,0,3,1,240,65,25,1050,1100
23,33,Crafty Dwarf Wizard,Crafty Dwarf Wizards,44,11,0,3,1,240,65,25,1050,1100
23,34,Crafty Gnome Wizard,Crafty Gnome Wizards,45,11,0,2,2,240,65,25,1050,1100
23,35,Black Dwarf Knight,Black Dwarf Knights,28,11,1,3,3,150,25,25,950,950
23,36,Venerable Halfling Cleric,Venerable Halfling Clerics,41,11,1,2,2,200,55,35,1000,1050
23,37,Lich,Liches,10,10,0,2,1,0,90,50,2400,5000
23,38,Lich,Liches,10,10,1,2,1,0,90,50,2400,5000
23,39,Arnakkian,Arnakkian,10,13,0,1,0,0,95,50,5000,10000
24,0,Orange Orc Knight,Orange Orc Knights,26,10,0,3,3,150,15,35,390,225
24,1,Orange Orc Knight,Orange Orc Knights,26,10,1,4,2,150,15,35,490,225
24,2,Orange Orc Knight,Orange Orc Knights,26,11,0,3,1,130,15,35,420,250
24,3,Red Orc Knight,Red Orc Knights,26,12,0,2,3,110,10,35,470,300
24,4,Banshee,Banshees,10,7,1,3,3,25,0,30,390,250
24,5,Banshee,Banshees,10,8,0,2,4,20,0,30,410,280
24,6,Banshee,Banshees,10,8,1,3,4,20,0,30,410,280
24,7,Banshee,Banshees,10,9,0,3,3,10,0,30,430,310
24,8,Skeletal Ranger,Skeletal Rangers,9,7,1,4,4,70,0,20,355,160
24,9,Skeletal Ranger,Skeletal Rangers,9,8,0,5,3,60,0,20,365,180
24,10,Skeletal Ranger,Skeletal Rangers,9,8,1,4,2,60,0,20,365,180
24,11,Skeletal Ranger,Skeletal Rangers,9,9,0,3,3,50,0,20,375,100
24,12,Skeletal Knight,Skeletal Knights,9,10,0,3,3,40,0,25,480,150
24,13,Skeletal Knight,Skeletal Knights,9,10,1,2,3,40,0,25,490,150
24,14,Skeletal Knight,Skeletal Knights,9,11,0,3,2,30,0,25,510,180
24,15,Ghoul,Ghouls,11,5,0,4,3,0,0,0,440,300
24,16,Ghoul,Ghouls,11,5,1,2,3,0,0,0,440,300
24,17,Ghoul,Ghouls,11,6,0,3,4,0,0,0,465,325
24,18,Shapeshifter,Shapeshifters,12,7,0,2,3,50,0,0,600,1250
24,19,Shapeshifter,Shapeshifters,12,7,1,3,3,50,0,0,600,1250
24,20,Shapeshifter,Shapeshifters,12,8,0,4,1,40,0,0,630,1300
24,21,Minotaur,Minotaurs,13,3,1,3,4,75,0,35,450,500
24,22,Minotaur,Minotaurs,13,4,0,4,2,65,0,35,450,525
24,23,Were-Minotaur,Were-Minotaurs,13,5,0,3,4,0,0,35,525,1050
24,24,Gargoyle,Gargoyles,14,7,1,4,3,75,35,40,500,700
24,25,Giant,Giants,18,5,1,3,3,100,0,25,420,50
24,26,Cyclops,Cyclops,18,7,1,3,2,0,15,25,600,900
24,27,Blue Troll Knight,Blue Troll Knights,27,12,1,2,3,130,15,35,450,300
24,28,Wily Troll Ranger,Wily Troll Rangers,32,12,1,2,2,100,20,35,450,230
24,29,Venerable Troll Cleric,Venerable Troll Clerics,40,12,1,3,1,200,40,35,510,300
24,30,Pincer Cobra,Pincer Cobras,4,6,0,5,2,20,0,0,300,225
24,31,Tyran,Tyrans,5,7,1,4,3,150,0,0,375,325
24,32,Hell Wolf,Hell Wolves,1,9,0,4,1,30,35,25,390,350
24,33,Cantankerous Gremlin Wizard,Cantankerous Gremlin Wizards,46,12,1,2,1,240,60,25,620,400
24,34,Crafty Gremlin Wizard,Crafty Gremlin Wizards,46,13,1,1,2,200,50,25,550,600
24,35,Nightmare,Nightmares,12,6,0,3,4,15,0,25,400,475
24,36,Tempest Wind,Tempest Wind,17,6,0,1,0,0,75,0,7500,5000
24,37,Manticore,Manticores,2,9,0,3,3,75,30,40,400,300
24,38,Spinorpion,Spinorpions,6,8,0,4,3,15,0,0,360,300
24,39,Basilisk,Basilisks,4,8,0,4,4,120,30,30,400,800
25,0,Ghost,Ghosts,10,4,2,3,5,20,30,0,300,275
25,1,Ghost,Ghosts,10,5,0,4,4,16,30,0,300,275
25,2,Ghost,Ghosts,10,5,1,2,4,16,30,0,300,275
25,3,Ghost,Ghosts,10,6,0,3,3,12,30,0,300,275
25,4,Banshee,Banshees,10,7,1,4,3,25,0,60,450,600
25,5,Banshee,Banshees,10,8,0,3,3,20,0,60,450,600
25,6,Banshee,Banshees,10,8,1,2,4,20,0,60,450,600
25,7,Banshee,Banshees,10,9,0,3,3,10,0,60,450,600
25,8,Banshee,Banshees,10,9,0,2,4,10,0,60,450,600
25,9,Ghoul,Ghouls,11,5,1,3,4,0,0,0,500,1050
25,10,Ghoul,Ghouls,11,6,0,3,5,0,0,0,500,1050
25,11,Ghoul,Ghouls,11,6,1,4,3,0,0,0,500,1050
25,12,Ghoul,Ghouls,11,6,2,4,4,0,0,0,500,1050
25,13,Ghoul,Ghouls,11,7,0,3,3,0,0,0,500,1050
25,14,Shapeshifter,Shapeshifters,12,7,0,3,3,50,0,20,750,1300
25,15,Shapeshifter,Shapeshifters,12,7,1,2,4,50,0,20,750,1300
25,16,Shapeshifter,Shapeshifters,12,8,0,1,4,40,0,20,750,1300
25,17,Shapeshifter,Shapeshifters,12,8,1,2,3,40,0,20,750,1300
25,18,Shapeshifter,Shapeshifters,12,9,0,2,2,30,0,20,750,1350
25,19,Minotaur,Minotaurs,13,4,0,2,3,65,0,60,300,525
25,20,Minotaur,Minotaurs,13,4,0,3,3,65,0,60,300,525
25,21,Were-Minotaur,Were-Minotaurs,13,5,0,2,3,0,0,60,600,1050
25,22,Were-Minotaur,Were-Minotaurs,13,5,1,3,2,0,0,60,600,1050
25,23,Were-Minotaur,Were-Minotaurs,13,6,0,2,2,0,0,60,600,1100
25,24,Skeletal Knight,Skeletal Knight,9,10,2,3,4,50,0,0,700,800
25,25,Lamprey,Lampreys,7,5,1,3,4,40,0,0,150,400
25,26,Death Leech,Death Leeches,7,8,1,3,3,25,35,0,750,900
25,27,Chess King,Chess King,17,4,0,1,0,75,50,0,1000,3000
25,28,Chess Queen,Chess Queen,16,4,0,1,0,25,35,100,900,3000
25,29,Chess Bishop,Chess Bishops,42,13,0,2,0,200,40,75,800,1000
25,30,Chess Knight,Chess Knights,27,13,0,2,0,150,15,50,750,800
25,31,Chess Rook,Chess Rooks,18,8,0,2,0,100,0,50,500,650
25,32,Chess Pawn,Chess Pawns,23,13,0,8,0,200,5,50,300,450
25,33,Pincer Cobra,Pincer Cobras,4,6,0,3,3,20,0,0,500,450
25,34,Wyvern,Wyverns,15,4,0,3,2,50,50,75,650,1400
25,35,Dragon,Dragons,15,7,1,2,1,0,60,75,1600,5000
25,36,Dragon,Dragons,15,8,0,2,2,0,60,75,1600,5500
25,37,Cyclops,Cyclops,18,7,2,3,2,0,15,50,800,1400
25,38,Cyclops,Cyclops,18,7,2,2,2,0,15,50,800,1400
25,39,Cyclops,Cyclops,18,7,2,1,2,0,15,50,800,1400
26,0,Sly Troll Ranger,Sly Troll Rangers,32,10,2,4,2,140,15,25,625,1210
26,1,Sly Troll Ranger,Sly Troll Rangers,32,11,1,3,3,120,15,25,625,1230
26,2,Wily Troll Ranger,Wily Troll Rangers,32,12,0,2,4,100,18,25,700,1250
26,3,Wily Troll Ranger,Wily Troll Rangers,32,12,0,2,3,100,18,25,700,1250
26,4,Sly Halfling Ranger,Sly Halfling Rangers,33,10,1,3,3,140,15,35,625,1210
26,5,Sly Halfling Ranger,Sly Halfling Rangers,33,11,0,2,4,120,15,35,625,1230
26,6,Wily Halfling Ranger,Wily Halfling Rangers,33,12,0,2,3,100,18,35,700,1250
26,7,Wily Halfling Ranger,Wily Halfling Rangers,33,12,1,1,4,100,18,35,700,1250
26,8,Lich,Liches,10,10,0,2,1,0,60,50,1300,5000
26,9,Lich,Liches,10,10,1,1,2,0,60,50,1300,5000
26,10,Lich,Liches,10,11,0,2,0,0,60,50,1300,6000
26,11,Gargoyle,Gargoyles,14,6,0,3,2,50,25,40,800,1500
26,12,Gargoyle,Gargoyles,14,6,1,3,3,40,25,40,800,1500
26,13,Gargoyle,Gargoyles,14,6,2,2,4,40,25,40,800,1500
26,14,Phantasm,Phantasms,17,2,1,3,2,90,20,30,600,750
26,15,Phantasm,Phantasms,17,3,0,4,1,80,20,30,600,750
26,16,Phantasm,Phantasms,17,3,1,3,1,70,20,30,600,750
26,17,Were-Minotaur,Were-Minotaurs,13,5,0,3,4,0,0,30,600,1050
26,18,Were-Minotaur,Were-Minotaurs,13,5,1,3,3,0,0,30,600,1050
26,19,Were-Minotaur,Were-Minotaurs,13,6,1,3,2,0,0,30,600,1100
26,20,Hell Wolf,Hell Wolves,1,7,1,3,2,50,30,40,700,800
26,21,Hell Wolf,Hell Wolves,1,8,0,2,4,45,30,40,700,800
26,22,Hell Wolf,Hell Wolves,1,8,1,4,2,45,30,40,700,800
26,23,Hell Wolf,Hell Wolves,1,9,0,5,1,30,30,40,700,800
26,24,Tyran,Tyrans,5,7,1,4,3,150,0,0,500,750
26,25,Tyran,Tyrans,5,8,0,2,5,180,0,0,500,750
26,26,Blue Troll Knight,Blue Troll Knights,27,12,2,3,3,130,18,35,600,1300
26,27,Blue Troll Knight,Blue Troll Knights,27,13,1,4,2,130,18,35,650,1300
26,28,Shapeshifter,Shapeshifters,12,8,1,4,3,75,0,0,750,1200
26,29,Black Dwarf Knight,Black Dwarf Knights,28,12,2,3,2,130,18,35,600,1300
26,30,Black Dwarf Knight,Black Dwarf Knights,28,13,1,2,3,130,18,35,650,1300
26,31,Ghoul,Ghouls,11,7,1,5,2,0,0,0,675,650
26,32,Ghoul,Ghouls,11,8,0,4,3,0,0,0,675,650
26,33,Were-Bear,Were-Bears,3,8,1,4,1,60,20,25,800,950
26,34,Were-Bear,Were-Bears,3,9,0,2,2,80,20,25,800,950
26,35,Dragon,Dragons,15,7,1,2,0,0,40,35,2600,5000
26,36,Dragon,Dragons,15,8,0,2,0,0,40,35,3000,5000
26,37,Phoenix,Phoenix,14,9,0,1,0,0,75,50,10000,9000
26,38,Phoenix,Phoenix,14,9,0,1,0,0,75,50,10000,9000
26,39,Phoenix,Phoenix,14,9,0,1,0,0,75,50,10000,9000
27,0,Hardy Elf Cleric,Hardy Elf Clerics,39,10,0,3,3,180,60,60,850,775
27,1,Hardy Elf Cleric,Hardy Elf Clerics,39,10,1,2,3,180,60,60,850,775
27,2,Hardy Elf Cleric,Hardy Elf Clerics,39,11,0,2,2,160,60,60,850,775
27,3,Hardy Gremlin Cleric,Hardy Gremlin Cleric,42,10,1,2,4,180,60,75,850,775
27,4,Hardy Gremlin Cleric,Hardy Gremlin Cleric,42,11,0,3,2,160,60,75,850,775
27,5,Venerable Gremlin Cleric,Venerable Gremlin Clerics,42,12,0,1,3,200,70,75,1050,900
27,6,Bronze Ogre,Bronze Ogres,19,5,1,5,5,30,0,50,125,90
27,7,Bronze Ogre,Bronze Ogres,19,6,0,4,4,20,0,50,125,90
27,8,Bronze Ogre,Bronze Ogres,19,6,0,5,3,20,0,50,125,90
27,9,Silver Ogre,Silver Ogres,19,7,2,4,4,40,0,60,250,180
27,10,Silver Ogre,Silver Ogres,19,8,1,5,3,30,0,60,250,180
27,11,Silver Ogre,Silver Ogres,19,9,0,3,4,20,0,60,250,180
27,12,Phantasm,Phantasms,17,3,0,3,2,80,50,50,650,750
27,13,Phantasm,Phantasms,17,3,1,2,3,70,50,50,650,750
27,14,Phantasm,Phantasms,17,4,0,2,2,60,50,50,650,750
27,15,Dragon,Dragons,15,5,0,2,1,0,60,90,3000,4500
27,16,Dragon,Dragons,15,5,1,1,1,0,60,90,3000,4500
27,17,Dragon,Dragons,15,6,0,1,0,0,60,90,3000,4750
27,18,Were-Bear,Were-Bears,3,8,0,3,3,80,35,50,900,1500
27,19,Were-Bear,Were-Bears,3,8,1,4,2,60,35,50,900,1500
27,20,Were-Bear,Were-Bears,3,9,0,2,3,40,35,50,900,1500
27,21,Hell Wolf,Hell Wolves,1,8,0,3,4,45,45,20,1000,1300
27,22,Hell Wolf,Hell Wolves,1,8,1,4,3,45,45,20,1000,1300
27,23,Hell Wolf,Hell Wolves,1,9,0,3,3,30,45,20,1000,1300
27,24,Deinon,Deinons,5,5,1,7,4,20,0,0,300,300
27,25,Tyran,Tyrans,5,7,1,3,3,30,0,0,700,600
27,26,Lizardite,Lizardites,20,5,1,3,4,40,0,60,250,150
27,27,Saurion,Saurions,20,7,2,2,3,70,30,60,500,225
27,28,Pincer Cobra,Pincer Cobras,4,5,1,5,2,20,0,0,350,240
27,29,Dragon,Dragons,15,7,0,1,1,0,65,75,3000,4750
27,30,Gold Ogre,Gold Ogres,19,10,0,2,3,60,0,75,800,800
27,31,Gold Ogre,Gold Ogres,19,11,0,2,2,50,0,75,800,800
27,32,Hardy Elf Cleric,Hardy Elf Clerics,39,10,1,3,3,180,60,75,800,900
27,33,Venerable Elf Cleric,Venerable Elf Clerics,39,12,1,2,3,200,65,75,1050,1100
27,34,Hardy Troll Cleric,Hardy Troll Clerics,40,10,1,3,3,180,60,75,800,900
27,35,Venerable Troll Cleric,Venerable Troll Clerics,40,12,1,2,4,200,65,75,1050,1100
27,36,Hardy Halfling Cleric,Hardy Halfling Clerics,41,10,1,3,3,180,60,75,800,900
27,37,Venerable Halfling Cleric,Venerable Halfling Clerics,41,12,1,2,4,200,65,75,1050,1100
27,38,Hardy Gremlin Cleric,Hardy Gremlin Cleric,42,11,0,3,3,160,60,75,800,900
27,39,Venerable Gremlin Cleric,Venerable Gremlin Clerics,42,12,1,2,4,200,65,75,1050,1100
28,0,Hobgoblin,Hobgoblins,21,5,0,5,5,55,35,35,650,600
28,1,Hobgoblin,Hobgoblins,21,5,1,7,3,50,35,35,650,600
28,2,Hobgoblin,Hobgoblins,21,5,1,6,4,50,35,35,650,600
28,3,Hobgoblin,Hobgoblins,21,6,0,6,2,4,35,35,650,600
28,4,Hobgoblin,Hobgoblins,21,6,0,4,4,5,35,35,650,600
28,5,King Goblin,King Goblins,21,7,0,2,2,120,70,55,1600,2200
28,6,King Goblin,King Goblins,21,7,1,3,1,120,70,55,1600,2200
28,7,King Goblin,King Goblins,21,8,0,2,2,100,70,55,1600,2400
28,8,Ice Lion,Ice Lions,2,5,0,4,3,40,0,0,350,500
28,9,Ice Lion,Ice Lions,2,5,1,3,3,53,0,0,350,500
28,10,Ice Lion,Ice Lions,2,5,1,2,4,35,0,0,350,500
28,11,Ice Lion,Ice Lions,2,6,0,3,2,25,0,0,350,500
28,12,Ice Lion,Ice Lions,2,6,0,2,3,25,0,0,350,500
28,13,Polar Bear,Polar Bears,3,5,0,3,3,50,0,0,400,700
28,14,Polar Bear,Polar Bears,3,5,1,4,2,45,0,0,400,700
28,15,Polar Bear,Polar Bears,3,5,1,2,4,45,0,0,400,700
28,16,Polar Bear,Polar Bears,3,6,0,2,2,40,0,0,400,700
28,17,Polar Bear,Polar Bears,3,6,0,3,3,40,0,0,400,700
28,18,Shapeshifter,Shapeshifters,12,7,0,4,3,50,0,0,850,1250
28,19,Shapeshifter,Shapeshifters,12,7,1,3,4,50,0,0,850,1250
28,20,Shapeshifter,Shapeshifters,12,8,0,3,3,40,0,0,850,1300
28,21,Shapeshifter,Shapeshifters,12,8,1,2,4,40,0,0,850,1300
28,22,Shapeshifter,Shapeshifters,12,9,0,2,2,30,0,0,850,1350
28,23,Shapeshifter,Shapeshifters,12,9,0,3,1,30,0,0,850,1350
28,24,Dragon,Dragons,15,7,1,1,1,0,65,50,3500,7500
28,25,Were-Minotaur,Were-Minotaurs,13,5,1,3,4,0,0,35,525,1050
28,26,Nightmare,Nightmares,12,5,1,3,4,40,0,35,450,450
28,27,Sabertooth Lion,Sabertooth Lions,2,8,0,4,5,30,0,0,250,120
28,28,Pincer Cobra,Pincer Cobras,4,6,0,4,4,30,0,0,275,225
28,29,Spinorpion,Spinorpions,6,8,0,3,4,25,0,0,325,300
28,30,Death Leech,Death Leeches,7,8,1,4,4,35,35,0,1000,1200
28,31,Gray Dwarf Knight,Gray Dwarf Knights,28,11,0,4,3,60,20,35,750,1300
28,32,Black Dwarf Knight,Black Dwarf Knights,28,12,1,3,3,55,20,35,900,1350
28,33,Black Dwarf Knight,Black Dwarf Knights,28,13,1,2,2,50,20,35,900,1350
28,34,Ornery Dwarf Thief,Ornery Dwarf Thieves,35,10,2,3,3,70,35,35,600,800
28,35,Mean Dwarf Thief,Mean Dwarf Thieves,35,13,0,1,3,60,35,35,800,1200
28,36,Mean Dwarf Thief,Mean Dwarf Thieves,35,13,1,2,1,50,35,35,800,1200
28,37,Cantankerous Dwarf Wizard,Cantankerous Dwarf Wizards,44,11,1,3,2,75,70,32,725,1375
28,38,Cantankerous Dwarf Wizard,Cantankerous Dwarf Wizards,44,12,1,3,1,65,70,32,725,1375
28,39,Crafty Dwarf Wizard,Crafty Dwarf Wizards,44,13,1,2,2,55,65,32,950,1425
29,0,Hobgoblin,Hobgoblins,21,5,0,7,3,55,30,60,600,600
29,1,Hobgoblin,Hobgoblins,21,5,1,5,5,50,30,60,600,600
29,2,Hobgoblin,Hobgoblins,21,5,1,4,6,50,30,60,600,600
29,3,Hobgoblin,Hobgoblins,21,6,0,3,7,40,30,60,600,600
29,4,King Goblin,King Goblins,21,7,1,2,3,120,50,60,1100,2200
29,5,King Goblin,King Goblins,21,8,0,3,2,100,50,60,1100,2400
29,6,Death Leech,Death Leeches,7,7,0,4,3,30,40,0,1000,1000
29,7,Death Leech,Death Leeches,7,7,1,3,3,30,40,0,1000,1000
29,8,Death Leech,Death Leeches,7,8,0,2,3,25,40,0,1000,1000
29,9,Death Leech,Death Leeches,7,8,1,2,2,25,40,0,1000,1000
29,10,Were-Bear,Were-Bears,3,7,0,4,3,45,30,0,950,1200
29,11,Were-Bear,Were-Bears,3,7,1,3,3,45,30,0,950,1200
29,12,Were-Bear,Were-Bears,3,8,0,2,4,40,30,0,950,1200
29,13,Were-Bear,Were-Bears,3,8,1,3,2,40,30,0,950,1200
29,14,Basilisk,Basilisks,4,7,0,4,4,140,40,75,1250,1400
29,15,Basilisk,Basilisks,4,7,1,3,3,140,40,75,1250,1400
29,16,Basilisk,Basilisks,4,8,0,3,2,120,40,75,1250,1400
29,17,Basilisk,Basilisks,4,8,0,4,1,120,40,75,1250,1400
29,18,Basilisk,Basilisks,4,8,0,2,2,120,40,75,1250,1400
29,19,Phantasm,Phantasms,17,3,0,4,3,80,60,80,900,800
29,20,Phantasm,Phantasms,17,3,1,3,4,70,60,80,900,800
29,21,Phantasm,Phantasms,17,4,0,3,3,60,60,80,900,800
29,22,Phantasm,Phantasms,17,4,0,2,4,60,60,80,900,800
29,23,Phantasm,Phantasms,17,4,0,3,2,60,60,80,900,800
29,24,Manticore,Manticores,2,9,0,4,4,75,50,80,1300,900
29,25,Dragon,Dragons,15,7,0,2,1,0,50,75,4000,4750
29,26,Dragon,Dragons,15,8,0,1,1,0,50,85,4000,5000
29,27,Saurion,Saurions,20,9,0,5,4,70,30,100,900,1275
29,28,Gold Ogre,Gold Ogres,19,12,0,3,5,100,0,50,850,1225
29,29,Giant,Giants,18,6,0,4,4,100,0,50,600,800
29,30,Cyclops,Cyclops,18,7,1,3,3,0,10,50,1100,2000
29,31,Cyclops,Cyclops,18,8,0,1,2,0,20,50,1100,5000
29,32,Cyclops,Cyclops,18,8,0,1,2,0,20,50,1100,5000
29,33,Cyclops,Cyclops,18,8,0,1,2,0,20,50,1100,5000
29,34,Cyclops,Cyclops,18,8,0,1,2,0,20,50,1100,5000
29,35,Cyclops,Cyclops,18,8,0,1,2,0,20,50,1100,5000
29,36,Cyclops,Cyclops,18,8,0,1,2,0,20,50,1100,5000
29,37,Cyclops,Cyclops,18,8,0,1,2,0,20,50,1100,5000
29,38,Cyclops,Cyclops,18,8,0,1,2,0,20,50,1100,5000
29,39,Cyclops,Cyclops,18,8,0,1,2,0,20,50,1100,5000
30,0,Orange Orc Knight,Orange Orc Knights,26,11,0,4,6,130,20,75,1050,1000
30,1,Red Orc Knight,Red Orc Knights,26,12,2,6,4,110,25,75,1200,1300
30,2,Red Orc Knight,Red Orc Knights,26,13,2,5,5,90,25,75,1200,1300
30,3,Cantankerous Gremlin Wizard,Cantankerous Gremlin Wizards,46,12,0,2,3,240,65,90,900,1075
30,4,Crafty Gremlin Wizard,Crafty Gremlin Wizards,46,13,2,2,2,220,65,90,1050,1375
30,5,Crafty Gremlin Wizard,Crafty Gremlin Wizards,46,14,1,2,1,210,65,90,1050,1375
30,6,Gold Ogre,Gold Ogres,19,10,0,6,3,60,0,75,800,800
30,7,Gold Ogre,Gold Ogres,19,12,0,4,3,40,0,75,800,800
30,8,Tyran,Tyrans,5,7,1,4,3,30,0,0,700,600
30,9,Tyran,Tyrans,5,8,0,3,4,30,0,0,700,600
30,10,Giant,Giants,18,4,2,5,4,80,0,60,500,500
30,11,Giant,Giants,18,5,1,4,4,70,0,60,500,500
30,12,Giant,Giants,18,6,0,3,4,60,0,60,500,500
30,13,Death Leech,Death Leeches,7,8,1,4,3,35,35,0,1050,900
30,14,Death Leech,Death Leeches,7,9,0,3,3,25,35,0,1050,900
30,15,Basilisk,Basilisks,4,8,0,3,4,120,45,75,1250,1050
30,16,Basilisk,Basilisks,4,8,0,2,4,120,45,75,1250,1050
30,17,Phantasm,Phantasms,17,4,0,3,2,60,50,75,500,450
30,18,Phantasm,Phantasms,17,4,0,2,3,60,50,75,500,450
30,19,Dragon,Dragons,15,6,1,2,3,0,65,75,3500,4750
30,20,Dragon,Dragons,15,6,2,2,2,0,65,75,3500,4750
30,21,Dragon,Dragons,15,7,1,1,2,0,65,75,3500,5000
30,22,Manticore,Manticores,2,9,0,3,4,75,60,75,1300,1050
30,23,Manticore,Manticores,2,9,0,4,3,75,60,75,1300,1050
30,24,Ferocious Elf Barbarian,Ferocious Elf Barbarians,24,13,2,5,5,60,10,75,950,750
30,25,Berserker Elf Barbarian,Berserker Elf Barbarians,24,13,2,3,4,50,10,75,1150,1050
30,26,Sly Elf Ranger,Sly Elf Rangers,31,11,1,4,3,30,25,75,900,700
30,27,Wily Elf Ranger,Wily Elf Rangers,31,13,2,2,5,20,25,75,1100,1000
30,28,Hardy Elf Cleric,Hardy Elf Clerics,39,10,1,3,3,60,65,75,1000,725
30,29,Venerable Elf Cleric,Venerable Elf Clerics,39,13,2,2,3,50,65,75,1200,1025
30,30,Giant,Giants,18,5,1,3,4,100,0,50,500,500
30,31,Giant,Giants,18,6,0,2,4,100,0,50,500,500
30,32,King Cyclops,King Cyclops,18,10,0,1,0,0,0,50,9000,1250
30,33,Incubus,Incubi,16,7,1,4,4,25,50,0,750,900
30,34,Phantasm,Phantasms,17,4,0,3,4,60,65,50,400,450
30,35,Hobgoblin,Hobgoblins,21,6,0,5,3,50,30,75,600,600
30,36,King Goblin,King Goblins,21,8,0,2,2,120,55,75,1250,2000
30,37,Gargoyle,Gargoyles,14,7,1,3,3,60,40,80,900,900
30,38,Lich,Liches,10,10,1,2,2,0,90,90,3000,5000
30,39,Were-Bear,Were-Bears,3,9,0,3,4,60,35,60,1150,800
31,0,Gold Ogre,Gold Ogres,19,10,1,4,4,60,0,75,900,800
31,1,Gold Ogre,Gold Ogres,19,10,2,4,3,60,0,75,900,800
31,2,Gold Ogre,Gold Ogres,19,11,0,3,3,50,0,75,900,800
31,3,Gold Ogre,Gold Ogres,19,11,1,2,3,50,0,75,900,800
31,4,Gold Ogre,Gold Ogres,19,12,0,4,2,40,0,75,900,800
31,5,Gold Ogre,Gold Ogres,19,12,0,2,4,40,0,75,900,800
31,6,Spinorpion,Spinorpions,6,7,1,6,3,20,0,0,400,275
31,7,Spinorpion,Spinorpions,6,8,0,4,5,15,0,0,400,300
31,8,Spinorpion,Spinorpions,6,8,0,5,4,15,0,0,400,300
31,9,Death Leech,Death Leeches,7,8,0,7,2,35,50,0,1200,1050
31,10,Death Leech,Death Leeches,7,8,1,4,3,35,50,0,1200,1050
31,11,Death Leech,Death Leeches,7,9,0,3,3,25,50,0,1200,1050
31,12,Death Leech,Death Leeches,7,9,0,2,4,25,50,0,1200,1050
31,13,Basilisk,Basilisks,4,8,0,3,3,120,65,50,1150,1000
31,14,Basilisk,Basilisks,4,8,0,2,4,120,65,50,1150,1000
31,15,Basilisk,Basilisks,4,8,0,4,2,120,65,50,1150,1000
31,16,Phantasm,Phantasms,17,4,0,3,5,60,60,60,400,450
31,17,Phantasm,Phantasms,17,4,0,4,3,60,60,60,400,450
31,18,Phantasm,Phantasms,17,4,0,3,4,60,60,60,400,450
31,19,Dragon,Dragons,15,6,1,2,2,0,75,90,4000,4750
31,20,Dragon,Dragons,15,7,0,1,2,0,75,90,4000,5000
31,21,Dragon,Dragons,15,7,1,1,2,0,75,90,4000,5000
31,22,Dragon,Dragons,15,8,0,1,2,0,75,90,4000,5300
31,23,Dragon,Dragons,15,8,0,1,2,0,75,90,4000,5300
31,24,Ferocious Elf Barbarian,Ferocious Elf Barbarians,24,11,1,4,5,60,15,75,900,850
31,25,Berserker Elf Barbarian,Berserker Elf Barbarians,24,14,1,5,4,50,15,75,1100,1125
31,26,Sly Elf Ranger,Sly Elf Rangers,31,11,1,4,4,30,25,75,950,900
31,27,Wily Elf Ranger,Wily Elf Rangers,31,13,2,3,4,20,25,75,1050,1250
31,28,Hardy Elf Cleric,Hardy Elf Clerics,39,10,1,3,3,60,80,75,1000,1000
31,29,Venerable Elf Cleric,Venerable Elf Clerics,39,13,2,2,2,50,80,75,1100,1300
31,30,Giant,Giants,18,6,0,4,6,100,0,50,500,400
31,31,Cyclops,Cyclops,18,8,1,3,3,0,25,50,950,1000
31,32,Incubus,Incubi,16,8,0,4,4,25,65,0,750,600
31,33,Hell Wolf,Hell Wolves,1,9,0,3,6,30,70,20,1200,1050
31,34,Manticore,Manticores,2,9,0,4,4,75,65,75,1300,1200
31,35,Were-Bear,Were-Bears,3,8,1,4,3,60,45,60,1250,1200
31,36,Were-Minotaur,Were-Minotaurs,13,6,0,3,4,0,0,60,975,1100
31,37,Spit Spider,Spit Spiders,8,9,0,3,4,50,0,0,400,350
31,38,Shapeshifter,Shapeshifters,12,8,1,4,5,40,0,0,850,900
31,39,Gargoyle,Gargoyles,14,7,1,3,5,60,65,80,1100,1200
32,0,Skeletal Knight,Skeletal Knights,9,10,0,7,3,40,0,50,800,750
32,1,Skeletal Knight,Skeletal Knights,9,10,1,6,4,40,0,50,800,750
32,2,Skeletal Knight,Skeletal Knights,9,11,0,5,5,30,0,50,800,750
32,3,Skeletal Knight,Skeletal Knights,9,11,0,6,4,30,0,50,800,750
32,4,Skeletal Knight,Skeletal Knights,9,11,1,4,4,30,0,50,800,750
32,5,Skeletal Knight,Skeletal Knights,9,11,1,5,3,30,0,50,800,750
32,6,Skeletal Knight,Skeletal Knights,9,12,0,4,3,20,0,50,800,750
32,7,Skeletal Knight,Skeletal Knights,9,12,0,3,4,20,0,50,800,750
32,8,Lich,Liches,10,10,0,3,2,0,90,90,2000,5000
32,9,Lich,Liches,10,10,1,2,3,0,90,90,2000,5000
32,10,Lich,Liches,10,11,0,2,2,0,90,90,2000,5500
32,11,Lich,Liches,10,11,0,1,3,0,90,90,2000,5500
32,12,Lich,Liches,10,11,1,2,1,0,90,90,2000,5500
32,13,Lich,Liches,10,11,1,1,2,0,90,90,2000,5500
32,14,Lich,Liches,10,12,0,1,1,0,90,90,2000,6000
32,15,Lich,Liches,10,12,0,2,0,0,90,90,2000,6000
32,16,Phantasm,Phantasms,17,4,0,4,4,60,60,80,500,450
32,17,Phantasm,Phantasms,17,4,0,3,5,60,60,80,500,450
32,18,Phantasm,Phantasms,17,4,0,2,6,60,60,80,500,450
32,19,Phantasm,Phantasms,17,4,0,5,2,60,60,80,500,450
32,20,Phantasm,Phantasms,17,4,0,4,3,60,60,80,500,450
32,21,Phantasm,Phantasms,17,4,0,3,4,60,60,80,500,450
32,22,Phantasm,Phantasms,17,4,0,2,5,60,60,80,500,450
32,23,Phantasm,Phantasms,17,4,0,5,3,60,60,80,500,450
32,24,Elemental,Elementals,17,5,0,1,1,0,70,100,3500,6000
32,25,Elemental,Elementals,17,5,1,1,1,0,70,100,3500,6000
32,26,Wind Elemental,Wind Elemental,17,7,0,1,0,0,80,100,5000,16000
32,27,Wind Elemental,Wind Elemental,17,7,0,1,0,0,80,100,5000,16000
32,28,Wind Elemental,Wind Elemental,17,7,0,1,0,0,80,100,5000,16000
32,29,Wind Elemental,Wind Elemental,17,7,0,1,0,0,80,100,5000,16000
32,30,Wind Elemental,Wind Elemental,17,7,0,1,0,0,80,100,5000,16000
32,31,Wind Elemental,Wind Elemental,17,7,0,1,0,0,80,100,5000,16000
32,32,Wind Elemental,Wind Elemental,17,7,0,1,0,0,80,100,5000,16000
32,33,Wind Elemental,Wind Elemental,17,7,0,1,0,0,80,100,5000,16000
32,34,Wind Elemental,Wind Elemental,17,7,0,1,0,0,80,100,5000,16000
32,35,Wind Elemental,Wind Elemental,17,7,0,1,0,0,80,100,5000,16000
32,36,Wind Elemental,Wind Elemental,17,7,0,1,0,0,80,100,5000,16000
32,37,Wind Elemental,Wind Elemental,17,7,0,1,0,0,80,100,5000,16000
32,38,Wind Elemental,Wind Elemental,17,7,0,1,0,0,80,100,5000,16000
32,39,Wind Elemental,Wind Elemental,17,7,0,1,0,0,80,100,5000,16000
33,0,Skeletal Knight,Skeletal Knights,9,10,0,7,3,40,0,50,500,650
33,1,Skeletal Knight,Skeletal Knights,9,10,1,6,4,40,0,50,500,650
33,2,Skeletal Knight,Skeletal Knights,9,11,0,8,2,30,0,50,500,650
33,3,Skeletal Knight,Skeletal Knights,9,11,0,9,1,30,0,50,500,650
33,4,Skeletal Knight,Skeletal Knights,9,11,1,7,3,30,0,50,500,650
33,5,Skeletal Knight,Skeletal Knights,9,11,1,8,2,30,0,50,500,650
33,6,Skeletal Knight,Skeletal Knights,9,12,0,6,4,20,0,50,500,650
33,7,Skeletal Knight,Skeletal Knights,9,12,0,7,3,20,0,50,500,650
33,8,Lich,Liches,10,10,0,3,1,0,90,90,1200,3000
33,9,Lich,Liches,10,10,1,2,2,0,90,90,1200,3000
33,10,Lich,Liches,10,11,0,2,1,0,90,90,1200,3000
33,11,Lich,Liches,10,11,0,1,1,0,90,90,1200,3000
33,12,Lich,Liches,10,11,1,2,1,0,90,90,1200,3000
33,13,Lich,Liches,10,11,1,1,1,0,90,90,1200,3000
33,14,Lich,Liches,10,12,0,1,1,0,90,90,1200,3000
33,15,Lich,Liches,10,12,0,2,0,0,90,90,1200,3000
33,16,Phantasm,Phantasms,17,4,0,4,4,60,60,80,1000,1100
33,17,Phantasm,Phantasms,17,4,0,5,3,60,60,80,1000,1100
33,18,Phantasm,Phantasms,17,4,0,6,2,60,60,80,1000,1100
33,19,Phantasm,Phantasms,17,4,0,3,4,60,60,80,1000,1100
33,20,Phantasm,Phantasms,17,4,0,4,3,60,60,80,1000,1100
33,21,Phantasm,Phantasms,17,4,0,3,3,60,60,80,1000,1100
33,22,Phantasm,Phantasms,17,4,0,2,5,60,60,80,1000,1100
33,23,Phantasm,Phantasms,17,4,0,5,2,60,60,80,1000,1100
33,24,Manticore,Manticores,2,9,0,3,2,75,40,80,900,850
33,25,Were-Bear,Were-Bears,3,9,0,3,3,40,35,0,850,1000
33,26,Tyran,Tyrans,5,8,0,6,2,150,0,0,600,950
33,27,Death Leech,Death Leeches,7,9,0,3,3,25,35,0,650,900
33,28,Lich,Liches,10,13,0,2,1,0,90,90,1200,6000
33,29,Shapeshifter,Shapeshifters,12,8,0,4,2,50,0,0,900,1250
33,30,Were-Minotaur,Were-Minotaurs,13,8,0,4,4,0,0,60,1000,1400
33,31,Gargoyle,Gargoyles,14,8,0,3,3,50,50,80,975,1200
33,32,Dragon,Dragons,15,8,0,3,3,0,75,85,1600,5000
33,33,Hobgoblin,Hobgoblins,21,6,0,4,3,50,30,60,600,600
33,34,King Goblin,King Goblins,21,8,0,2,2,100,60,60,1000,2400
33,35,Crafty Human Wizard,Crafty Human Wizards,44,15,0,3,3,240,75,65,1200,1600
33,36,Crafty Dwarf Wizard,Crafty Dwarf Wizards,44,15,0,2,4,240,75,65,1200,1600
33,37,Crafty Gnome Wizard,Crafty Gnome Wizards,44,15,0,3,3,240,75,65,1200,1600
33,38,Crafty Gremlin Wizard,Crafty Gremlin Wizards,44,15,0,3,3,240,75,65,1200,1600
33,39,En-Li-Kil,En-Li-Kil,47,8,0,1,0,0,100,100,50000,65000
